user-0001,sms,twilio,+5491100000001
user-0002,email,mailchimp,user-0002@example.com
user-0003,push,apns,apns-token-0003
user-0004,push,fcm,fcm-token-0004
user-0005,sms,twilio,+5491100000005
user-0006,email,mailchimp,user-0006@example.com
user-0007,push,apns,apns-token-0007
user-0008,push,fcm,fcm-token-0008
user-0009,sms,twilio,+5491100000009
user-0010,email,mailchimp,user-0010@example.com
user-0011,push,apns,apns-token-0011
user-0012,push,fcm,fcm-token-0012
user-0013,sms,twilio,+5491100000013
user-0014,email,mailchimp,user-0014@example.com
user-0015,push,apns,apns-token-0015
user-0016,push,fcm,fcm-token-0016
user-0017,sms,twilio,+5491100000017
user-0018,email,mailchimp,user-0018@example.com
user-0019,push,apns,apns-token-0019
user-0020,push,fcm,fcm-token-0020
user-0021,sms,twilio,+5491100000021
user-0022,email,mailchimp,user-0022@example.com
user-0023,push,apns,apns-token-0023
user-0024,push,fcm,fcm-token-0024
user-0025,sms,twilio,+5491100000025
user-0026,email,mailchimp,user-0026@example.com
user-0027,push,apns,apns-token-0027
user-0028,push,fcm,fcm-token-0028
user-0029,sms,twilio,+5491100000029
user-0030,email,mailchimp,user-0030@example.com
user-0031,push,apns,apns-token-0031
user-0032,push,fcm,fcm-token-0032
user-0033,sms,twilio,+5491100000033
user-0034,email,mailchimp,user-0034@example.com
user-0035,push,apns,apns-token-0035
user-0036,push,fcm,fcm-token-0036
user-0037,sms,twilio,+5491100000037
user-0038,email,mailchimp,user-0038@example.com
user-0039,push,apns,apns-token-0039
user-0040,push,fcm,fcm-token-0040
user-0041,sms,twilio,+5491100000041
user-0042,email,mailchimp,user-0042@example.com
user-0043,push,apns,apns-token-0043
user-0044,push,fcm,fcm-token-0044
user-0045,sms,twilio,+5491100000045
user-0046,email,mailchimp,user-0046@example.com
user-0047,push,apns,apns-token-0047
user-0048,push,fcm,fcm-token-0048
user-0049,sms,twilio,+5491100000049
user-0050,email,mailchimp,user-0050@example.com
user-0051,push,apns,apns-token-0051
user-0052,push,fcm,fcm-token-0052
user-0053,sms,twilio,+5491100000053
user-0054,email,mailchimp,user-0054@example.com
user-0055,push,apns,apns-token-0055
user-0056,push,fcm,fcm-token-0056
user-0057,sms,twilio,+5491100000057
user-0058,email,mailchimp,user-0058@example.com
user-0059,push,apns,apns-token-0059
user-0060,push,fcm,fcm-token-0060
user-0061,sms,twilio,+5491100000061
user-0062,email,mailchimp,user-0062@example.com
user-0063,push,apns,apns-token-0063
user-0064,push,fcm,fcm-token-0064
user-0065,sms,twilio,+5491100000065
user-0066,email,mailchimp,user-0066@example.com
user-0067,push,apns,apns-token-0067
user-0068,push,fcm,fcm-token-0068
user-0069,sms,twilio,+5491100000069
user-0070,email,mailchimp,user-0070@example.com
user-0071,push,apns,apns-token-0071
user-0072,push,fcm,fcm-token-0072
user-0073,sms,twilio,+5491100000073
user-0074,email,mailchimp,user-0074@example.com
user-0075,push,apns,apns-token-0075
user-0076,push,fcm,fcm-token-0076
user-0077,sms,twilio,+5491100000077
user-0078,email,mailchimp,user-0078@example.com
user-0079,push,apns,apns-token-0079
user-0080,push,fcm,fcm-token-0080
user-0081,sms,twilio,+5491100000081
user-0082,email,mailchimp,user-0082@example.com
user-0083,push,apns,apns-token-0083
user-0084,push,fcm,fcm-token-0084
user-0085,sms,twilio,+5491100000085
user-0086,email,mailchimp,user-0086@example.com
user-0087,push,apns,apns-token-0087
user-0088,push,fcm,fcm-token-0088
user-0089,sms,twilio,+5491100000089
user-0090,email,mailchimp,user-0090@example.com
user-0091,push,apns,apns-token-0091
user-0092,push,fcm,fcm-token-0092
user-0093,sms,twilio,+5491100000093
user-0094,email,mailchimp,user-0094@example.com
user-0095,push,apns,apns-token-0095
user-0096,push,fcm,fcm-token-0096
user-0097,sms,twilio,+5491100000097
user-0098,email,mailchimp,user-0098@example.com
user-0099,push,apns,apns-token-0099
user-0100,push,fcm,fcm-token-0100
user-0101,sms,twilio,+5491100000101
user-0102,email,mailchimp,user-0102@example.com
user-0103,push,apns,apns-token-0103
user-0104,push,fcm,fcm-token-0104
user-0105,sms,twilio,+5491100000105
user-0106,email,mailchimp,user-0106@example.com
user-0107,push,apns,apns-token-0107
user-0108,push,fcm,fcm-token-0108
user-0109,sms,twilio,+5491100000109
user-0110,email,mailchimp,user-0110@example.com
user-0111,push,apns,apns-token-0111
user-0112,push,fcm,fcm-token-0112
user-0113,sms,twilio,+5491100000113
user-0114,email,mailchimp,user-0114@example.com
user-0115,push,apns,apns-token-0115
user-0116,push,fcm,fcm-token-0116
user-0117,sms,twilio,+5491100000117
user-0118,email,mailchimp,user-0118@example.com
user-0119,push,apns,apns-token-0119
user-0120,push,fcm,fcm-token-0120
user-0121,sms,twilio,+5491100000121
user-0122,email,mailchimp,user-0122@example.com
user-0123,push,apns,apns-token-0123
user-0124,push,fcm,fcm-token-0124
user-0125,sms,twilio,+5491100000125
user-0126,email,mailchimp,user-0126@example.com
user-0127,push,apns,apns-token-0127
user-0128,push,fcm,fcm-token-0128
user-0129,sms,twilio,+5491100000129
user-0130,email,mailchimp,user-0130@example.com
user-0131,push,apns,apns-token-0131
user-0132,push,fcm,fcm-token-0132
user-0133,sms,twilio,+5491100000133
user-0134,email,mailchimp,user-0134@example.com
user-0135,push,apns,apns-token-0135
user-0136,push,fcm,fcm-token-0136
user-0137,sms,twilio,+5491100000137
user-0138,email,mailchimp,user-0138@example.com
user-0139,push,apns,apns-token-0139
user-0140,push,fcm,fcm-token-0140
user-0141,sms,twilio,+5491100000141
user-0142,email,mailchimp,user-0142@example.com
user-0143,push,apns,apns-token-0143
user-0144,push,fcm,fcm-token-0144
user-0145,sms,twilio,+5491100000145
user-0146,email,mailchimp,user-0146@example.com
user-0147,push,apns,apns-token-0147
user-0148,push,fcm,fcm-token-0148
user-0149,sms,twilio,+5491100000149
user-0150,email,mailchimp,user-0150@example.com
user-0151,push,apns,apns-token-0151
user-0152,push,fcm,fcm-token-0152
user-0153,sms,twilio,+5491100000153
user-0154,email,mailchimp,user-0154@example.com
user-0155,push,apns,apns-token-0155
user-0156,push,fcm,fcm-token-0156
user-0157,sms,twilio,+5491100000157
user-0158,email,mailchimp,user-0158@example.com
user-0159,push,apns,apns-token-0159
user-0160,push,fcm,fcm-token-0160
user-0161,sms,twilio,+5491100000161
user-0162,email,mailchimp,user-0162@example.com
user-0163,push,apns,apns-token-0163
user-0164,push,fcm,fcm-token-0164
user-0165,sms,twilio,+5491100000165
user-0166,email,mailchimp,user-0166@example.com
user-0167,push,apns,apns-token-0167
user-0168,push,fcm,fcm-token-0168
user-0169,sms,twilio,+5491100000169
user-0170,email,mailchimp,user-0170@example.com
user-0171,push,apns,apns-token-0171
user-0172,push,fcm,fcm-token-0172
user-0173,sms,twilio,+5491100000173
user-0174,email,mailchimp,user-0174@example.com
user-0175,push,apns,apns-token-0175
user-0176,push,fcm,fcm-token-0176
user-0177,sms,twilio,+5491100000177
user-0178,email,mailchimp,user-0178@example.com
user-0179,push,apns,apns-token-0179
user-0180,push,fcm,fcm-token-0180
user-0181,sms,twilio,+5491100000181
user-0182,email,mailchimp,user-0182@example.com
user-0183,push,apns,apns-token-0183
user-0184,push,fcm,fcm-token-0184
user-0185,sms,twilio,+5491100000185
user-0186,email,mailchimp,user-0186@example.com
user-0187,push,apns,apns-token-0187
user-0188,push,fcm,fcm-token-0188
user-0189,sms,twilio,+5491100000189
user-0190,email,mailchimp,user-0190@example.com
user-0191,push,apns,apns-token-0191
user-0192,push,fcm,fcm-token-0192
user-0193,sms,twilio,+5491100000193
user-0194,email,mailchimp,user-0194@example.com
user-0195,push,apns,apns-token-0195
user-0196,push,fcm,fcm-token-0196
user-0197,sms,twilio,+5491100000197
user-0198,email,mailchimp,user-0198@example.com
user-0199,push,apns,apns-token-0199
user-0200,push,fcm,fcm-token-0200
user-0201,sms,twilio,+5491100000201
user-0202,email,mailchimp,user-0202@example.com
user-0203,push,apns,apns-token-0203
user-0204,push,fcm,fcm-token-0204
user-0205,sms,twilio,+5491100000205
user-0206,email,mailchimp,user-0206@example.com
user-0207,push,apns,apns-token-0207
user-0208,push,fcm,fcm-token-0208
user-0209,sms,twilio,+5491100000209
user-0210,email,mailchimp,user-0210@example.com
user-0211,push,apns,apns-token-0211
user-0212,push,fcm,fcm-token-0212
user-0213,sms,twilio,+5491100000213
user-0214,email,mailchimp,user-0214@example.com
user-0215,push,apns,apns-token-0215
user-0216,push,fcm,fcm-token-0216
user-0217,sms,twilio,+5491100000217
user-0218,email,mailchimp,user-0218@example.com
user-0219,push,apns,apns-token-0219
user-0220,push,fcm,fcm-token-0220
user-0221,sms,twilio,+5491100000221
user-0222,email,mailchimp,user-0222@example.com
user-0223,push,apns,apns-token-0223
user-0224,push,fcm,fcm-token-0224
user-0225,sms,twilio,+5491100000225
user-0226,email,mailchimp,user-0226@example.com
user-0227,push,apns,apns-token-0227
user-0228,push,fcm,fcm-token-0228
user-0229,sms,twilio,+5491100000229
user-0230,email,mailchimp,user-0230@example.com
user-0231,push,apns,apns-token-0231
user-0232,push,fcm,fcm-token-0232
user-0233,sms,twilio,+5491100000233
user-0234,email,mailchimp,user-0234@example.com
user-0235,push,apns,apns-token-0235
user-0236,push,fcm,fcm-token-0236
user-0237,sms,twilio,+5491100000237
user-0238,email,mailchimp,user-0238@example.com
user-0239,push,apns,apns-token-0239
user-0240,push,fcm,fcm-token-0240
user-0241,sms,twilio,+5491100000241
user-0242,email,mailchimp,user-0242@example.com
user-0243,push,apns,apns-token-0243
user-0244,push,fcm,fcm-token-0244
user-0245,sms,twilio,+5491100000245
user-0246,email,mailchimp,user-0246@example.com
user-0247,push,apns,apns-token-0247
user-0248,push,fcm,fcm-token-0248
user-0249,sms,twilio,+5491100000249
user-0250,email,mailchimp,user-0250@example.com
user-0251,push,apns,apns-token-0251
user-0252,push,fcm,fcm-token-0252
user-0253,sms,twilio,+5491100000253
user-0254,email,mailchimp,user-0254@example.com
user-0255,push,apns,apns-token-0255
user-0256,push,fcm,fcm-token-0256
user-0257,sms,twilio,+5491100000257
user-0258,email,mailchimp,user-0258@example.com
user-0259,push,apns,apns-token-0259
user-0260,push,fcm,fcm-token-0260
user-0261,sms,twilio,+5491100000261
user-0262,email,mailchimp,user-0262@example.com
user-0263,push,apns,apns-token-0263
user-0264,push,fcm,fcm-token-0264
user-0265,sms,twilio,+5491100000265
user-0266,email,mailchimp,user-0266@example.com
user-0267,push,apns,apns-token-0267
user-0268,push,fcm,fcm-token-0268
user-0269,sms,twilio,+5491100000269
user-0270,email,mailchimp,user-0270@example.com
user-0271,push,apns,apns-token-0271
user-0272,push,fcm,fcm-token-0272
user-0273,sms,twilio,+5491100000273
user-0274,email,mailchimp,user-0274@example.com
user-0275,push,apns,apns-token-0275
user-0276,push,fcm,fcm-token-0276
user-0277,sms,twilio,+5491100000277
user-0278,email,mailchimp,user-0278@example.com
user-0279,push,apns,apns-token-0279
user-0280,push,fcm,fcm-token-0280
user-0281,sms,twilio,+5491100000281
user-0282,email,mailchimp,user-0282@example.com
user-0283,push,apns,apns-token-0283
user-0284,push,fcm,fcm-token-0284
user-0285,sms,twilio,+5491100000285
user-0286,email,mailchimp,user-0286@example.com
user-0287,push,apns,apns-token-0287
user-0288,push,fcm,fcm-token-0288
user-0289,sms,twilio,+5491100000289
user-0290,email,mailchimp,user-0290@example.com
user-0291,push,apns,apns-token-0291
user-0292,push,fcm,fcm-token-0292
user-0293,sms,twilio,+5491100000293
user-0294,email,mailchimp,user-0294@example.com
user-0295,push,apns,apns-token-0295
user-0296,push,fcm,fcm-token-0296
user-0297,sms,twilio,+5491100000297
user-0298,email,mailchimp,user-0298@example.com
user-0299,push,apns,apns-token-0299
user-0300,push,fcm,fcm-token-0300
user-0301,sms,twilio,+5491100000301
user-0302,email,mailchimp,user-0302@example.com
user-0303,push,apns,apns-token-0303
user-0304,push,fcm,fcm-token-0304
user-0305,sms,twilio,+5491100000305
user-0306,email,mailchimp,user-0306@example.com
user-0307,push,apns,apns-token-0307
user-0308,push,fcm,fcm-token-0308
user-0309,sms,twilio,+5491100000309
user-0310,email,mailchimp,user-0310@example.com
user-0311,push,apns,apns-token-0311
user-0312,push,fcm,fcm-token-0312
user-0313,sms,twilio,+5491100000313
user-0314,email,mailchimp,user-0314@example.com
user-0315,push,apns,apns-token-0315
user-0316,push,fcm,fcm-token-0316
user-0317,sms,twilio,+5491100000317
user-0318,email,mailchimp,user-0318@example.com
user-0319,push,apns,apns-token-0319
user-0320,push,fcm,fcm-token-0320
user-0321,sms,twilio,+5491100000321
user-0322,email,mailchimp,user-0322@example.com
user-0323,push,apns,apns-token-0323
user-0324,push,fcm,fcm-token-0324
user-0325,sms,twilio,+5491100000325
user-0326,email,mailchimp,user-0326@example.com
user-0327,push,apns,apns-token-0327
user-0328,push,fcm,fcm-token-0328
user-0329,sms,twilio,+5491100000329
user-0330,email,mailchimp,user-0330@example.com
user-0331,push,apns,apns-token-0331
user-0332,push,fcm,fcm-token-0332
user-0333,sms,twilio,+5491100000333
user-0334,email,mailchimp,user-0334@example.com
user-0335,push,apns,apns-token-0335
user-0336,push,fcm,fcm-token-0336
user-0337,sms,twilio,+5491100000337
user-0338,email,mailchimp,user-0338@example.com
user-0339,push,apns,apns-token-0339
user-0340,push,fcm,fcm-token-0340
user-0341,sms,twilio,+5491100000341
user-0342,email,mailchimp,user-0342@example.com
user-0343,push,apns,apns-token-0343
user-0344,push,fcm,fcm-token-0344
user-0345,sms,twilio,+5491100000345
user-0346,email,mailchimp,user-0346@example.com
user-0347,push,apns,apns-token-0347
user-0348,push,fcm,fcm-token-0348
user-0349,sms,twilio,+5491100000349
user-0350,email,mailchimp,user-0350@example.com
user-0351,push,apns,apns-token-0351
user-0352,push,fcm,fcm-token-0352
user-0353,sms,twilio,+5491100000353
user-0354,email,mailchimp,user-0354@example.com
user-0355,push,apns,apns-token-0355
user-0356,push,fcm,fcm-token-0356
user-0357,sms,twilio,+5491100000357
user-0358,email,mailchimp,user-0358@example.com
user-0359,push,apns,apns-token-0359
user-0360,push,fcm,fcm-token-0360
user-0361,sms,twilio,+5491100000361
user-0362,email,mailchimp,user-0362@example.com
user-0363,push,apns,apns-token-0363
user-0364,push,fcm,fcm-token-0364
user-0365,sms,twilio,+5491100000365
user-0366,email,mailchimp,user-0366@example.com
user-0367,push,apns,apns-token-0367
user-0368,push,fcm,fcm-token-0368
user-0369,sms,twilio,+5491100000369
user-0370,email,mailchimp,user-0370@example.com
user-0371,push,apns,apns-token-0371
user-0372,push,fcm,fcm-token-0372
user-0373,sms,twilio,+5491100000373
user-0374,email,mailchimp,user-0374@example.com
user-0375,push,apns,apns-token-0375
user-0376,push,fcm,fcm-token-0376
user-0377,sms,twilio,+5491100000377
user-0378,email,mailchimp,user-0378@example.com
user-0379,push,apns,apns-token-0379
user-0380,push,fcm,fcm-token-0380
user-0381,sms,twilio,+5491100000381
user-0382,email,mailchimp,user-0382@example.com
user-0383,push,apns,apns-token-0383
user-0384,push,fcm,fcm-token-0384
user-0385,sms,twilio,+5491100000385
user-0386,email,mailchimp,user-0386@example.com
user-0387,push,apns,apns-token-0387
user-0388,push,fcm,fcm-token-0388
user-0389,sms,twilio,+5491100000389
user-0390,email,mailchimp,user-0390@example.com
user-0391,push,apns,apns-token-0391
user-0392,push,fcm,fcm-token-0392
user-0393,sms,twilio,+5491100000393
user-0394,email,mailchimp,user-0394@example.com
user-0395,push,apns,apns-token-0395
user-0396,push,fcm,fcm-token-0396
user-0397,sms,twilio,+5491100000397
user-0398,email,mailchimp,user-0398@example.com
user-0399,push,apns,apns-token-0399
user-0400,push,fcm,fcm-token-0400
user-0401,sms,twilio,+5491100000401
user-0402,email,mailchimp,user-0402@example.com
user-0403,push,apns,apns-token-0403
user-0404,push,fcm,fcm-token-0404
user-0405,sms,twilio,+5491100000405
user-0406,email,mailchimp,user-0406@example.com
user-0407,push,apns,apns-token-0407
user-0408,push,fcm,fcm-token-0408
user-0409,sms,twilio,+5491100000409
user-0410,email,mailchimp,user-0410@example.com
user-0411,push,apns,apns-token-0411
user-0412,push,fcm,fcm-token-0412
user-0413,sms,twilio,+5491100000413
user-0414,email,mailchimp,user-0414@example.com
user-0415,push,apns,apns-token-0415
user-0416,push,fcm,fcm-token-0416
user-0417,sms,twilio,+5491100000417
user-0418,email,mailchimp,user-0418@example.com
user-0419,push,apns,apns-token-0419
user-0420,push,fcm,fcm-token-0420
user-0421,sms,twilio,+5491100000421
user-0422,email,mailchimp,user-0422@example.com
user-0423,push,apns,apns-token-0423
user-0424,push,fcm,fcm-token-0424
user-0425,sms,twilio,+5491100000425
user-0426,email,mailchimp,user-0426@example.com
user-0427,push,apns,apns-token-0427
user-0428,push,fcm,fcm-token-0428
user-0429,sms,twilio,+5491100000429
user-0430,email,mailchimp,user-0430@example.com
user-0431,push,apns,apns-token-0431
user-0432,push,fcm,fcm-token-0432
user-0433,sms,twilio,+5491100000433
user-0434,email,mailchimp,user-0434@example.com
user-0435,push,apns,apns-token-0435
user-0436,push,fcm,fcm-token-0436
user-0437,sms,twilio,+5491100000437
user-0438,email,mailchimp,user-0438@example.com
user-0439,push,apns,apns-token-0439
user-0440,push,fcm,fcm-token-0440
user-0441,sms,twilio,+5491100000441
user-0442,email,mailchimp,user-0442@example.com
user-0443,push,apns,apns-token-0443
user-0444,push,fcm,fcm-token-0444
user-0445,sms,twilio,+5491100000445
user-0446,email,mailchimp,user-0446@example.com
user-0447,push,apns,apns-token-0447
user-0448,push,fcm,fcm-token-0448
user-0449,sms,twilio,+5491100000449
user-0450,email,mailchimp,user-0450@example.com
user-0451,push,apns,apns-token-0451
user-0452,push,fcm,fcm-token-0452
user-0453,sms,twilio,+5491100000453
user-0454,email,mailchimp,user-0454@example.com
user-0455,push,apns,apns-token-0455
user-0456,push,fcm,fcm-token-0456
user-0457,sms,twilio,+5491100000457
user-0458,email,mailchimp,user-0458@example.com
user-0459,push,apns,apns-token-0459
user-0460,push,fcm,fcm-token-0460
user-0461,sms,twilio,+5491100000461
user-0462,email,mailchimp,user-0462@example.com
user-0463,push,apns,apns-token-0463
user-0464,push,fcm,fcm-token-0464
user-0465,sms,twilio,+5491100000465
user-0466,email,mailchimp,user-0466@example.com
user-0467,push,apns,apns-token-0467
user-0468,push,fcm,fcm-token-0468
user-0469,sms,twilio,+5491100000469
user-0470,email,mailchimp,user-0470@example.com
user-0471,push,apns,apns-token-0471
user-0472,push,fcm,fcm-token-0472
user-0473,sms,twilio,+5491100000473
user-0474,email,mailchimp,user-0474@example.com
user-0475,push,apns,apns-token-0475
user-0476,push,fcm,fcm-token-0476
user-0477,sms,twilio,+5491100000477
user-0478,email,mailchimp,user-0478@example.com
user-0479,push,apns,apns-token-0479
user-0480,push,fcm,fcm-token-0480
user-0481,sms,twilio,+5491100000481
user-0482,email,mailchimp,user-0482@example.com
user-0483,push,apns,apns-token-0483
user-0484,push,fcm,fcm-token-0484
user-0485,sms,twilio,+5491100000485
user-0486,email,mailchimp,user-0486@example.com
user-0487,push,apns,apns-token-0487
user-0488,push,fcm,fcm-token-0488
user-0489,sms,twilio,+5491100000489
user-0490,email,mailchimp,user-0490@example.com
user-0491,push,apns,apns-token-0491
user-0492,push,fcm,fcm-token-0492
user-0493,sms,twilio,+5491100000493
user-0494,email,mailchimp,user-0494@example.com
user-0495,push,apns,apns-token-0495
user-0496,push,fcm,fcm-token-0496
user-0497,sms,twilio,+5491100000497
user-0498,email,mailchimp,user-0498@example.com
user-0499,push,apns,apns-token-0499
user-0500,push,fcm,fcm-token-0500
user-0501,sms,twilio,+5491100000501
user-0502,email,mailchimp,user-0502@example.com
user-0503,push,apns,apns-token-0503
user-0504,push,fcm,fcm-token-0504
user-0505,sms,twilio,+5491100000505
user-0506,email,mailchimp,user-0506@example.com
user-0507,push,apns,apns-token-0507
user-0508,push,fcm,fcm-token-0508
user-0509,sms,twilio,+5491100000509
user-0510,email,mailchimp,user-0510@example.com
user-0511,push,apns,apns-token-0511
user-0512,push,fcm,fcm-token-0512
user-0513,sms,twilio,+5491100000513
user-0514,email,mailchimp,user-0514@example.com
user-0515,push,apns,apns-token-0515
user-0516,push,fcm,fcm-token-0516
user-0517,sms,twilio,+5491100000517
user-0518,email,mailchimp,user-0518@example.com
user-0519,push,apns,apns-token-0519
user-0520,push,fcm,fcm-token-0520
user-0521,sms,twilio,+5491100000521
user-0522,email,mailchimp,user-0522@example.com
user-0523,push,apns,apns-token-0523
user-0524,push,fcm,fcm-token-0524
user-0525,sms,twilio,+5491100000525
user-0526,email,mailchimp,user-0526@example.com
user-0527,push,apns,apns-token-0527
user-0528,push,fcm,fcm-token-0528
user-0529,sms,twilio,+5491100000529
user-0530,email,mailchimp,user-0530@example.com
user-0531,push,apns,apns-token-0531
user-0532,push,fcm,fcm-token-0532
user-0533,sms,twilio,+5491100000533
user-0534,email,mailchimp,user-0534@example.com
user-0535,push,apns,apns-token-0535
user-0536,push,fcm,fcm-token-0536
user-0537,sms,twilio,+5491100000537
user-0538,email,mailchimp,user-0538@example.com
user-0539,push,apns,apns-token-0539
user-0540,push,fcm,fcm-token-0540
user-0541,sms,twilio,+5491100000541
user-0542,email,mailchimp,user-0542@example.com
user-0543,push,apns,apns-token-0543
user-0544,push,fcm,fcm-token-0544
user-0545,sms,twilio,+5491100000545
user-0546,email,mailchimp,user-0546@example.com
user-0547,push,apns,apns-token-0547
user-0548,push,fcm,fcm-token-0548
user-0549,sms,twilio,+5491100000549
user-0550,email,mailchimp,user-0550@example.com
user-0551,push,apns,apns-token-0551
user-0552,push,fcm,fcm-token-0552
user-0553,sms,twilio,+5491100000553
user-0554,email,mailchimp,user-0554@example.com
user-0555,push,apns,apns-token-0555
user-0556,push,fcm,fcm-token-0556
user-0557,sms,twilio,+5491100000557
user-0558,email,mailchimp,user-0558@example.com
user-0559,push,apns,apns-token-0559
user-0560,push,fcm,fcm-token-0560
user-0561,sms,twilio,+5491100000561
user-0562,email,mailchimp,user-0562@example.com
user-0563,push,apns,apns-token-0563
user-0564,push,fcm,fcm-token-0564
user-0565,sms,twilio,+5491100000565
user-0566,email,mailchimp,user-0566@example.com
user-0567,push,apns,apns-token-0567
user-0568,push,fcm,fcm-token-0568
user-0569,sms,twilio,+5491100000569
user-0570,email,mailchimp,user-0570@example.com
user-0571,push,apns,apns-token-0571
user-0572,push,fcm,fcm-token-0572
user-0573,sms,twilio,+5491100000573
user-0574,email,mailchimp,user-0574@example.com
user-0575,push,apns,apns-token-0575
user-0576,push,fcm,fcm-token-0576
user-0577,sms,twilio,+5491100000577
user-0578,email,mailchimp,user-0578@example.com
user-0579,push,apns,apns-token-0579
user-0580,push,fcm,fcm-token-0580
user-0581,sms,twilio,+5491100000581
user-0582,email,mailchimp,user-0582@example.com
user-0583,push,apns,apns-token-0583
user-0584,push,fcm,fcm-token-0584
user-0585,sms,twilio,+5491100000585
user-0586,email,mailchimp,user-0586@example.com
user-0587,push,apns,apns-token-0587
user-0588,push,fcm,fcm-token-0588
user-0589,sms,twilio,+5491100000589
user-0590,email,mailchimp,user-0590@example.com
user-0591,push,apns,apns-token-0591
user-0592,push,fcm,fcm-token-0592
user-0593,sms,twilio,+5491100000593
user-0594,email,mailchimp,user-0594@example.com
user-0595,push,apns,apns-token-0595
user-0596,push,fcm,fcm-token-0596
user-0597,sms,twilio,+5491100000597
user-0598,email,mailchimp,user-0598@example.com
user-0599,push,apns,apns-token-0599
user-0600,push,fcm,fcm-token-0600
user-0601,sms,twilio,+5491100000601
user-0602,email,mailchimp,user-0602@example.com
user-0603,push,apns,apns-token-0603
user-0604,push,fcm,fcm-token-0604
user-0605,sms,twilio,+5491100000605
user-0606,email,mailchimp,user-0606@example.com
user-0607,push,apns,apns-token-0607
user-0608,push,fcm,fcm-token-0608
user-0609,sms,twilio,+5491100000609
user-0610,email,mailchimp,user-0610@example.com
user-0611,push,apns,apns-token-0611
user-0612,push,fcm,fcm-token-0612
user-0613,sms,twilio,+5491100000613
user-0614,email,mailchimp,user-0614@example.com
user-0615,push,apns,apns-token-0615
user-0616,push,fcm,fcm-token-0616
user-0617,sms,twilio,+5491100000617
user-0618,email,mailchimp,user-0618@example.com
user-0619,push,apns,apns-token-0619
user-0620,push,fcm,fcm-token-0620
user-0621,sms,twilio,+5491100000621
user-0622,email,mailchimp,user-0622@example.com
user-0623,push,apns,apns-token-0623
user-0624,push,fcm,fcm-token-0624
user-0625,sms,twilio,+5491100000625
user-0626,email,mailchimp,user-0626@example.com
user-0627,push,apns,apns-token-0627
user-0628,push,fcm,fcm-token-0628
user-0629,sms,twilio,+5491100000629
user-0630,email,mailchimp,user-0630@example.com
user-0631,push,apns,apns-token-0631
user-0632,push,fcm,fcm-token-0632
user-0633,sms,twilio,+5491100000633
user-0634,email,mailchimp,user-0634@example.com
user-0635,push,apns,apns-token-0635
user-0636,push,fcm,fcm-token-0636
user-0637,sms,twilio,+5491100000637
user-0638,email,mailchimp,user-0638@example.com
user-0639,push,apns,apns-token-0639
user-0640,push,fcm,fcm-token-0640
user-0641,sms,twilio,+5491100000641
user-0642,email,mailchimp,user-0642@example.com
user-0643,push,apns,apns-token-0643
user-0644,push,fcm,fcm-token-0644
user-0645,sms,twilio,+5491100000645
user-0646,email,mailchimp,user-0646@example.com
user-0647,push,apns,apns-token-0647
user-0648,push,fcm,fcm-token-0648
user-0649,sms,twilio,+5491100000649
user-0650,email,mailchimp,user-0650@example.com
user-0651,push,apns,apns-token-0651
user-0652,push,fcm,fcm-token-0652
user-0653,sms,twilio,+5491100000653
user-0654,email,mailchimp,user-0654@example.com
user-0655,push,apns,apns-token-0655
user-0656,push,fcm,fcm-token-0656
user-0657,sms,twilio,+5491100000657
user-0658,email,mailchimp,user-0658@example.com
user-0659,push,apns,apns-token-0659
user-0660,push,fcm,fcm-token-0660
user-0661,sms,twilio,+5491100000661
user-0662,email,mailchimp,user-0662@example.com
user-0663,push,apns,apns-token-0663
user-0664,push,fcm,fcm-token-0664
user-0665,sms,twilio,+5491100000665
user-0666,email,mailchimp,user-0666@example.com
user-0667,push,apns,apns-token-0667
user-0668,push,fcm,fcm-token-0668
user-0669,sms,twilio,+5491100000669
user-0670,email,mailchimp,user-0670@example.com
user-0671,push,apns,apns-token-0671
user-0672,push,fcm,fcm-token-0672
user-0673,sms,twilio,+5491100000673
user-0674,email,mailchimp,user-0674@example.com
user-0675,push,apns,apns-token-0675
user-0676,push,fcm,fcm-token-0676
user-0677,sms,twilio,+5491100000677
user-0678,email,mailchimp,user-0678@example.com
user-0679,push,apns,apns-token-0679
user-0680,push,fcm,fcm-token-0680
user-0681,sms,twilio,+5491100000681
user-0682,email,mailchimp,user-0682@example.com
user-0683,push,apns,apns-token-0683
user-0684,push,fcm,fcm-token-0684
user-0685,sms,twilio,+5491100000685
user-0686,email,mailchimp,user-0686@example.com
user-0687,push,apns,apns-token-0687
user-0688,push,fcm,fcm-token-0688
user-0689,sms,twilio,+5491100000689
user-0690,email,mailchimp,user-0690@example.com
user-0691,push,apns,apns-token-0691
user-0692,push,fcm,fcm-token-0692
user-0693,sms,twilio,+5491100000693
user-0694,email,mailchimp,user-0694@example.com
user-0695,push,apns,apns-token-0695
user-0696,push,fcm,fcm-token-0696
user-0697,sms,twilio,+5491100000697
user-0698,email,mailchimp,user-0698@example.com
user-0699,push,apns,apns-token-0699
user-0700,push,fcm,fcm-token-0700
user-0701,sms,twilio,+5491100000701
user-0702,email,mailchimp,user-0702@example.com
user-0703,push,apns,apns-token-0703
user-0704,push,fcm,fcm-token-0704
user-0705,sms,twilio,+5491100000705
user-0706,email,mailchimp,user-0706@example.com
user-0707,push,apns,apns-token-0707
user-0708,push,fcm,fcm-token-0708
user-0709,sms,twilio,+5491100000709
user-0710,email,mailchimp,user-0710@example.com
user-0711,push,apns,apns-token-0711
user-0712,push,fcm,fcm-token-0712
user-0713,sms,twilio,+5491100000713
user-0714,email,mailchimp,user-0714@example.com
user-0715,push,apns,apns-token-0715
user-0716,push,fcm,fcm-token-0716
user-0717,sms,twilio,+5491100000717
user-0718,email,mailchimp,user-0718@example.com
user-0719,push,apns,apns-token-0719
user-0720,push,fcm,fcm-token-0720
user-0721,sms,twilio,+5491100000721
user-0722,email,mailchimp,user-0722@example.com
user-0723,push,apns,apns-token-0723
user-0724,push,fcm,fcm-token-0724
user-0725,sms,twilio,+5491100000725
user-0726,email,mailchimp,user-0726@example.com
user-0727,push,apns,apns-token-0727
user-0728,push,fcm,fcm-token-0728
user-0729,sms,twilio,+5491100000729
user-0730,email,mailchimp,user-0730@example.com
user-0731,push,apns,apns-token-0731
user-0732,push,fcm,fcm-token-0732
user-0733,sms,twilio,+5491100000733
user-0734,email,mailchimp,user-0734@example.com
user-0735,push,apns,apns-token-0735
user-0736,push,fcm,fcm-token-0736
user-0737,sms,twilio,+5491100000737
user-0738,email,mailchimp,user-0738@example.com
user-0739,push,apns,apns-token-0739
user-0740,push,fcm,fcm-token-0740
user-0741,sms,twilio,+5491100000741
user-0742,email,mailchimp,user-0742@example.com
user-0743,push,apns,apns-token-0743
user-0744,push,fcm,fcm-token-0744
user-0745,sms,twilio,+5491100000745
user-0746,email,mailchimp,user-0746@example.com
user-0747,push,apns,apns-token-0747
user-0748,push,fcm,fcm-token-0748
user-0749,sms,twilio,+5491100000749
user-0750,email,mailchimp,user-0750@example.com
user-0751,push,apns,apns-token-0751
user-0752,push,fcm,fcm-token-0752
user-0753,sms,twilio,+5491100000753
user-0754,email,mailchimp,user-0754@example.com
user-0755,push,apns,apns-token-0755
user-0756,push,fcm,fcm-token-0756
user-0757,sms,twilio,+5491100000757
user-0758,email,mailchimp,user-0758@example.com
user-0759,push,apns,apns-token-0759
user-0760,push,fcm,fcm-token-0760
user-0761,sms,twilio,+5491100000761
user-0762,email,mailchimp,user-0762@example.com
user-0763,push,apns,apns-token-0763
user-0764,push,fcm,fcm-token-0764
user-0765,sms,twilio,+5491100000765
user-0766,email,mailchimp,user-0766@example.com
user-0767,push,apns,apns-token-0767
user-0768,push,fcm,fcm-token-0768
user-0769,sms,twilio,+5491100000769
user-0770,email,mailchimp,user-0770@example.com
user-0771,push,apns,apns-token-0771
user-0772,push,fcm,fcm-token-0772
user-0773,sms,twilio,+5491100000773
user-0774,email,mailchimp,user-0774@example.com
user-0775,push,apns,apns-token-0775
user-0776,push,fcm,fcm-token-0776
user-0777,sms,twilio,+5491100000777
user-0778,email,mailchimp,user-0778@example.com
user-0779,push,apns,apns-token-0779
user-0780,push,fcm,fcm-token-0780
user-0781,sms,twilio,+5491100000781
user-0782,email,mailchimp,user-0782@example.com
user-0783,push,apns,apns-token-0783
user-0784,push,fcm,fcm-token-0784
user-0785,sms,twilio,+5491100000785
user-0786,email,mailchimp,user-0786@example.com
user-0787,push,apns,apns-token-0787
user-0788,push,fcm,fcm-token-0788
user-0789,sms,twilio,+5491100000789
user-0790,email,mailchimp,user-0790@example.com
user-0791,push,apns,apns-token-0791
user-0792,push,fcm,fcm-token-0792
user-0793,sms,twilio,+5491100000793
user-0794,email,mailchimp,user-0794@example.com
user-0795,push,apns,apns-token-0795
user-0796,push,fcm,fcm-token-0796
user-0797,sms,twilio,+5491100000797
user-0798,email,mailchimp,user-0798@example.com
user-0799,push,apns,apns-token-0799
user-0800,push,fcm,fcm-token-0800
user-0801,sms,twilio,+5491100000801
user-0802,email,mailchimp,user-0802@example.com
user-0803,push,apns,apns-token-0803
user-0804,push,fcm,fcm-token-0804
user-0805,sms,twilio,+5491100000805
user-0806,email,mailchimp,user-0806@example.com
user-0807,push,apns,apns-token-0807
user-0808,push,fcm,fcm-token-0808
user-0809,sms,twilio,+5491100000809
user-0810,email,mailchimp,user-0810@example.com
user-0811,push,apns,apns-token-0811
user-0812,push,fcm,fcm-token-0812
user-0813,sms,twilio,+5491100000813
user-0814,email,mailchimp,user-0814@example.com
user-0815,push,apns,apns-token-0815
user-0816,push,fcm,fcm-token-0816
user-0817,sms,twilio,+5491100000817
user-0818,email,mailchimp,user-0818@example.com
user-0819,push,apns,apns-token-0819
user-0820,push,fcm,fcm-token-0820
user-0821,sms,twilio,+5491100000821
user-0822,email,mailchimp,user-0822@example.com
user-0823,push,apns,apns-token-0823
user-0824,push,fcm,fcm-token-0824
user-0825,sms,twilio,+5491100000825
user-0826,email,mailchimp,user-0826@example.com
user-0827,push,apns,apns-token-0827
user-0828,push,fcm,fcm-token-0828
user-0829,sms,twilio,+5491100000829
user-0830,email,mailchimp,user-0830@example.com
user-0831,push,apns,apns-token-0831
user-0832,push,fcm,fcm-token-0832
user-0833,sms,twilio,+5491100000833
user-0834,email,mailchimp,user-0834@example.com
user-0835,push,apns,apns-token-0835
user-0836,push,fcm,fcm-token-0836
user-0837,sms,twilio,+5491100000837
user-0838,email,mailchimp,user-0838@example.com
user-0839,push,apns,apns-token-0839
user-0840,push,fcm,fcm-token-0840
user-0841,sms,twilio,+5491100000841
user-0842,email,mailchimp,user-0842@example.com
user-0843,push,apns,apns-token-0843
user-0844,push,fcm,fcm-token-0844
user-0845,sms,twilio,+5491100000845
user-0846,email,mailchimp,user-0846@example.com
user-0847,push,apns,apns-token-0847
user-0848,push,fcm,fcm-token-0848
user-0849,sms,twilio,+5491100000849
user-0850,email,mailchimp,user-0850@example.com
user-0851,push,apns,apns-token-0851
user-0852,push,fcm,fcm-token-0852
user-0853,sms,twilio,+5491100000853
user-0854,email,mailchimp,user-0854@example.com
user-0855,push,apns,apns-token-0855
user-0856,push,fcm,fcm-token-0856
user-0857,sms,twilio,+5491100000857
user-0858,email,mailchimp,user-0858@example.com
user-0859,push,apns,apns-token-0859
user-0860,push,fcm,fcm-token-0860
user-0861,sms,twilio,+5491100000861
user-0862,email,mailchimp,user-0862@example.com
user-0863,push,apns,apns-token-0863
user-0864,push,fcm,fcm-token-0864
user-0865,sms,twilio,+5491100000865
user-0866,email,mailchimp,user-0866@example.com
user-0867,push,apns,apns-token-0867
user-0868,push,fcm,fcm-token-0868
user-0869,sms,twilio,+5491100000869
user-0870,email,mailchimp,user-0870@example.com
user-0871,push,apns,apns-token-0871
user-0872,push,fcm,fcm-token-0872
user-0873,sms,twilio,+5491100000873
user-0874,email,mailchimp,user-0874@example.com
user-0875,push,apns,apns-token-0875
user-0876,push,fcm,fcm-token-0876
user-0877,sms,twilio,+5491100000877
user-0878,email,mailchimp,user-0878@example.com
user-0879,push,apns,apns-token-0879
user-0880,push,fcm,fcm-token-0880
user-0881,sms,twilio,+5491100000881
user-0882,email,mailchimp,user-0882@example.com
user-0883,push,apns,apns-token-0883
user-0884,push,fcm,fcm-token-0884
user-0885,sms,twilio,+5491100000885
user-0886,email,mailchimp,user-0886@example.com
user-0887,push,apns,apns-token-0887
user-0888,push,fcm,fcm-token-0888
user-0889,sms,twilio,+5491100000889
user-0890,email,mailchimp,user-0890@example.com
user-0891,push,apns,apns-token-0891
user-0892,push,fcm,fcm-token-0892
user-0893,sms,twilio,+5491100000893
user-0894,email,mailchimp,user-0894@example.com
user-0895,push,apns,apns-token-0895
user-0896,push,fcm,fcm-token-0896
user-0897,sms,twilio,+5491100000897
user-0898,email,mailchimp,user-0898@example.com
user-0899,push,apns,apns-token-0899
user-0900,push,fcm,fcm-token-0900
user-0901,sms,twilio,+5491100000901
user-0902,email,mailchimp,user-0902@example.com
user-0903,push,apns,apns-token-0903
user-0904,push,fcm,fcm-token-0904
user-0905,sms,twilio,+5491100000905
user-0906,email,mailchimp,user-0906@example.com
user-0907,push,apns,apns-token-0907
user-0908,push,fcm,fcm-token-0908
user-0909,sms,twilio,+5491100000909
user-0910,email,mailchimp,user-0910@example.com
user-0911,push,apns,apns-token-0911
user-0912,push,fcm,fcm-token-0912
user-0913,sms,twilio,+5491100000913
user-0914,email,mailchimp,user-0914@example.com
user-0915,push,apns,apns-token-0915
user-0916,push,fcm,fcm-token-0916
user-0917,sms,twilio,+5491100000917
user-0918,email,mailchimp,user-0918@example.com
user-0919,push,apns,apns-token-0919
user-0920,push,fcm,fcm-token-0920
user-0921,sms,twilio,+5491100000921
user-0922,email,mailchimp,user-0922@example.com
user-0923,push,apns,apns-token-0923
user-0924,push,fcm,fcm-token-0924
user-0925,sms,twilio,+5491100000925
user-0926,email,mailchimp,user-0926@example.com
user-0927,push,apns,apns-token-0927
user-0928,push,fcm,fcm-token-0928
user-0929,sms,twilio,+5491100000929
user-0930,email,mailchimp,user-0930@example.com
user-0931,push,apns,apns-token-0931
user-0932,push,fcm,fcm-token-0932
user-0933,sms,twilio,+5491100000933
user-0934,email,mailchimp,user-0934@example.com
user-0935,push,apns,apns-token-0935
user-0936,push,fcm,fcm-token-0936
user-0937,sms,twilio,+5491100000937
user-0938,email,mailchimp,user-0938@example.com
user-0939,push,apns,apns-token-0939
user-0940,push,fcm,fcm-token-0940
user-0941,sms,twilio,+5491100000941
user-0942,email,mailchimp,user-0942@example.com
user-0943,push,apns,apns-token-0943
user-0944,push,fcm,fcm-token-0944
user-0945,sms,twilio,+5491100000945
user-0946,email,mailchimp,user-0946@example.com
user-0947,push,apns,apns-token-0947
user-0948,push,fcm,fcm-token-0948
user-0949,sms,twilio,+5491100000949
user-0950,email,mailchimp,user-0950@example.com
user-0951,push,apns,apns-token-0951
user-0952,push,fcm,fcm-token-0952
user-0953,sms,twilio,+5491100000953
user-0954,email,mailchimp,user-0954@example.com
user-0955,push,apns,apns-token-0955
user-0956,push,fcm,fcm-token-0956
user-0957,sms,twilio,+5491100000957
user-0958,email,mailchimp,user-0958@example.com
user-0959,push,apns,apns-token-0959
user-0960,push,fcm,fcm-token-0960
user-0961,sms,twilio,+5491100000961
user-0962,email,mailchimp,user-0962@example.com
user-0963,push,apns,apns-token-0963
user-0964,push,fcm,fcm-token-0964
user-0965,sms,twilio,+5491100000965
user-0966,email,mailchimp,user-0966@example.com
user-0967,push,apns,apns-token-0967
user-0968,push,fcm,fcm-token-0968
user-0969,sms,twilio,+5491100000969
user-0970,email,mailchimp,user-0970@example.com
user-0971,push,apns,apns-token-0971
user-0972,push,fcm,fcm-token-0972
user-0973,sms,twilio,+5491100000973
user-0974,email,mailchimp,user-0974@example.com
user-0975,push,apns,apns-token-0975
user-0976,push,fcm,fcm-token-0976
user-0977,sms,twilio,+5491100000977
user-0978,email,mailchimp,user-0978@example.com
user-0979,push,apns,apns-token-0979
user-0980,push,fcm,fcm-token-0980
user-0981,sms,twilio,+5491100000981
user-0982,email,mailchimp,user-0982@example.com
user-0983,push,apns,apns-token-0983
user-0984,push,fcm,fcm-token-0984
user-0985,sms,twilio,+5491100000985
user-0986,email,mailchimp,user-0986@example.com
user-0987,push,apns,apns-token-0987
user-0988,push,fcm,fcm-token-0988
user-0989,sms,twilio,+5491100000989
user-0990,email,mailchimp,user-0990@example.com
user-0991,push,apns,apns-token-0991
user-0992,push,fcm,fcm-token-0992
user-0993,sms,twilio,+5491100000993
user-0994,email,mailchimp,user-0994@example.com
user-0995,push,apns,apns-token-0995
user-0996,push,fcm,fcm-token-0996
user-0997,sms,twilio,+5491100000997
user-0998,email,mailchimp,user-0998@example.com
user-0999,push,apns,apns-token-0999
user-1000,push,fcm,fcm-token-1000
user-1001,sms,twilio,+5491100001001
user-1002,email,mailchimp,user-1002@example.com
user-1003,push,apns,apns-token-1003
user-1004,push,fcm,fcm-token-1004
user-1005,sms,twilio,+5491100001005
user-1006,email,mailchimp,user-1006@example.com
user-1007,push,apns,apns-token-1007
user-1008,push,fcm,fcm-token-1008
user-1009,sms,twilio,+5491100001009
user-1010,email,mailchimp,user-1010@example.com
user-1011,push,apns,apns-token-1011
user-1012,push,fcm,fcm-token-1012
user-1013,sms,twilio,+5491100001013
user-1014,email,mailchimp,user-1014@example.com
user-1015,push,apns,apns-token-1015
user-1016,push,fcm,fcm-token-1016
user-1017,sms,twilio,+5491100001017
user-1018,email,mailchimp,user-1018@example.com
user-1019,push,apns,apns-token-1019
user-1020,push,fcm,fcm-token-1020
user-1021,sms,twilio,+5491100001021
user-1022,email,mailchimp,user-1022@example.com
user-1023,push,apns,apns-token-1023
user-1024,push,fcm,fcm-token-1024
user-1025,sms,twilio,+5491100001025
user-1026,email,mailchimp,user-1026@example.com
user-1027,push,apns,apns-token-1027
user-1028,push,fcm,fcm-token-1028
user-1029,sms,twilio,+5491100001029
user-1030,email,mailchimp,user-1030@example.com
user-1031,push,apns,apns-token-1031
user-1032,push,fcm,fcm-token-1032
user-1033,sms,twilio,+5491100001033
user-1034,email,mailchimp,user-1034@example.com
user-1035,push,apns,apns-token-1035
user-1036,push,fcm,fcm-token-1036
user-1037,sms,twilio,+5491100001037
user-1038,email,mailchimp,user-1038@example.com
user-1039,push,apns,apns-token-1039
user-1040,push,fcm,fcm-token-1040
user-1041,sms,twilio,+5491100001041
user-1042,email,mailchimp,user-1042@example.com
user-1043,push,apns,apns-token-1043
user-1044,push,fcm,fcm-token-1044
user-1045,sms,twilio,+5491100001045
user-1046,email,mailchimp,user-1046@example.com
user-1047,push,apns,apns-token-1047
user-1048,push,fcm,fcm-token-1048
user-1049,sms,twilio,+5491100001049
user-1050,email,mailchimp,user-1050@example.com
user-1051,push,apns,apns-token-1051
user-1052,push,fcm,fcm-token-1052
user-1053,sms,twilio,+5491100001053
user-1054,email,mailchimp,user-1054@example.com
user-1055,push,apns,apns-token-1055
user-1056,push,fcm,fcm-token-1056
user-1057,sms,twilio,+5491100001057
user-1058,email,mailchimp,user-1058@example.com
user-1059,push,apns,apns-token-1059
user-1060,push,fcm,fcm-token-1060
user-1061,sms,twilio,+5491100001061
user-1062,email,mailchimp,user-1062@example.com
user-1063,push,apns,apns-token-1063
user-1064,push,fcm,fcm-token-1064
user-1065,sms,twilio,+5491100001065
user-1066,email,mailchimp,user-1066@example.com
user-1067,push,apns,apns-token-1067
user-1068,push,fcm,fcm-token-1068
user-1069,sms,twilio,+5491100001069
user-1070,email,mailchimp,user-1070@example.com
user-1071,push,apns,apns-token-1071
user-1072,push,fcm,fcm-token-1072
user-1073,sms,twilio,+5491100001073
user-1074,email,mailchimp,user-1074@example.com
user-1075,push,apns,apns-token-1075
user-1076,push,fcm,fcm-token-1076
user-1077,sms,twilio,+5491100001077
user-1078,email,mailchimp,user-1078@example.com
user-1079,push,apns,apns-token-1079
user-1080,push,fcm,fcm-token-1080
user-1081,sms,twilio,+5491100001081
user-1082,email,mailchimp,user-1082@example.com
user-1083,push,apns,apns-token-1083
user-1084,push,fcm,fcm-token-1084
user-1085,sms,twilio,+5491100001085
user-1086,email,mailchimp,user-1086@example.com
user-1087,push,apns,apns-token-1087
user-1088,push,fcm,fcm-token-1088
user-1089,sms,twilio,+5491100001089
user-1090,email,mailchimp,user-1090@example.com
user-1091,push,apns,apns-token-1091
user-1092,push,fcm,fcm-token-1092
user-1093,sms,twilio,+5491100001093
user-1094,email,mailchimp,user-1094@example.com
user-1095,push,apns,apns-token-1095
user-1096,push,fcm,fcm-token-1096
user-1097,sms,twilio,+5491100001097
user-1098,email,mailchimp,user-1098@example.com
user-1099,push,apns,apns-token-1099
user-1100,push,fcm,fcm-token-1100
user-1101,sms,twilio,+5491100001101
user-1102,email,mailchimp,user-1102@example.com
user-1103,push,apns,apns-token-1103
user-1104,push,fcm,fcm-token-1104
user-1105,sms,twilio,+5491100001105
user-1106,email,mailchimp,user-1106@example.com
user-1107,push,apns,apns-token-1107
user-1108,push,fcm,fcm-token-1108
user-1109,sms,twilio,+5491100001109
user-1110,email,mailchimp,user-1110@example.com
user-1111,push,apns,apns-token-1111
user-1112,push,fcm,fcm-token-1112
user-1113,sms,twilio,+5491100001113
user-1114,email,mailchimp,user-1114@example.com
user-1115,push,apns,apns-token-1115
user-1116,push,fcm,fcm-token-1116
user-1117,sms,twilio,+5491100001117
user-1118,email,mailchimp,user-1118@example.com
user-1119,push,apns,apns-token-1119
user-1120,push,fcm,fcm-token-1120
user-1121,sms,twilio,+5491100001121
user-1122,email,mailchimp,user-1122@example.com
user-1123,push,apns,apns-token-1123
user-1124,push,fcm,fcm-token-1124
user-1125,sms,twilio,+5491100001125
user-1126,email,mailchimp,user-1126@example.com
user-1127,push,apns,apns-token-1127
user-1128,push,fcm,fcm-token-1128
user-1129,sms,twilio,+5491100001129
user-1130,email,mailchimp,user-1130@example.com
user-1131,push,apns,apns-token-1131
user-1132,push,fcm,fcm-token-1132
user-1133,sms,twilio,+5491100001133
user-1134,email,mailchimp,user-1134@example.com
user-1135,push,apns,apns-token-1135
user-1136,push,fcm,fcm-token-1136
user-1137,sms,twilio,+5491100001137
user-1138,email,mailchimp,user-1138@example.com
user-1139,push,apns,apns-token-1139
user-1140,push,fcm,fcm-token-1140
user-1141,sms,twilio,+5491100001141
user-1142,email,mailchimp,user-1142@example.com
user-1143,push,apns,apns-token-1143
user-1144,push,fcm,fcm-token-1144
user-1145,sms,twilio,+5491100001145
user-1146,email,mailchimp,user-1146@example.com
user-1147,push,apns,apns-token-1147
user-1148,push,fcm,fcm-token-1148
user-1149,sms,twilio,+5491100001149
user-1150,email,mailchimp,user-1150@example.com
user-1151,push,apns,apns-token-1151
user-1152,push,fcm,fcm-token-1152
user-1153,sms,twilio,+5491100001153
user-1154,email,mailchimp,user-1154@example.com
user-1155,push,apns,apns-token-1155
user-1156,push,fcm,fcm-token-1156
user-1157,sms,twilio,+5491100001157
user-1158,email,mailchimp,user-1158@example.com
user-1159,push,apns,apns-token-1159
user-1160,push,fcm,fcm-token-1160
user-1161,sms,twilio,+5491100001161
user-1162,email,mailchimp,user-1162@example.com
user-1163,push,apns,apns-token-1163
user-1164,push,fcm,fcm-token-1164
user-1165,sms,twilio,+5491100001165
user-1166,email,mailchimp,user-1166@example.com
user-1167,push,apns,apns-token-1167
user-1168,push,fcm,fcm-token-1168
user-1169,sms,twilio,+5491100001169
user-1170,email,mailchimp,user-1170@example.com
user-1171,push,apns,apns-token-1171
user-1172,push,fcm,fcm-token-1172
user-1173,sms,twilio,+5491100001173
user-1174,email,mailchimp,user-1174@example.com
user-1175,push,apns,apns-token-1175
user-1176,push,fcm,fcm-token-1176
user-1177,sms,twilio,+5491100001177
user-1178,email,mailchimp,user-1178@example.com
user-1179,push,apns,apns-token-1179
user-1180,push,fcm,fcm-token-1180
user-1181,sms,twilio,+5491100001181
user-1182,email,mailchimp,user-1182@example.com
user-1183,push,apns,apns-token-1183
user-1184,push,fcm,fcm-token-1184
user-1185,sms,twilio,+5491100001185
user-1186,email,mailchimp,user-1186@example.com
user-1187,push,apns,apns-token-1187
user-1188,push,fcm,fcm-token-1188
user-1189,sms,twilio,+5491100001189
user-1190,email,mailchimp,user-1190@example.com
user-1191,push,apns,apns-token-1191
user-1192,push,fcm,fcm-token-1192
user-1193,sms,twilio,+5491100001193
user-1194,email,mailchimp,user-1194@example.com
user-1195,push,apns,apns-token-1195
user-1196,push,fcm,fcm-token-1196
user-1197,sms,twilio,+5491100001197
user-1198,email,mailchimp,user-1198@example.com
user-1199,push,apns,apns-token-1199
user-1200,push,fcm,fcm-token-1200
user-1201,sms,twilio,+5491100001201
user-1202,email,mailchimp,user-1202@example.com
user-1203,push,apns,apns-token-1203
user-1204,push,fcm,fcm-token-1204
user-1205,sms,twilio,+5491100001205
user-1206,email,mailchimp,user-1206@example.com
user-1207,push,apns,apns-token-1207
user-1208,push,fcm,fcm-token-1208
user-1209,sms,twilio,+5491100001209
user-1210,email,mailchimp,user-1210@example.com
user-1211,push,apns,apns-token-1211
user-1212,push,fcm,fcm-token-1212
user-1213,sms,twilio,+5491100001213
user-1214,email,mailchimp,user-1214@example.com
user-1215,push,apns,apns-token-1215
user-1216,push,fcm,fcm-token-1216
user-1217,sms,twilio,+5491100001217
user-1218,email,mailchimp,user-1218@example.com
user-1219,push,apns,apns-token-1219
user-1220,push,fcm,fcm-token-1220
user-1221,sms,twilio,+5491100001221
user-1222,email,mailchimp,user-1222@example.com
user-1223,push,apns,apns-token-1223
user-1224,push,fcm,fcm-token-1224
user-1225,sms,twilio,+5491100001225
user-1226,email,mailchimp,user-1226@example.com
user-1227,push,apns,apns-token-1227
user-1228,push,fcm,fcm-token-1228
user-1229,sms,twilio,+5491100001229
user-1230,email,mailchimp,user-1230@example.com
user-1231,push,apns,apns-token-1231
user-1232,push,fcm,fcm-token-1232
user-1233,sms,twilio,+5491100001233
user-1234,email,mailchimp,user-1234@example.com
user-1235,push,apns,apns-token-1235
user-1236,push,fcm,fcm-token-1236
user-1237,sms,twilio,+5491100001237
user-1238,email,mailchimp,user-1238@example.com
user-1239,push,apns,apns-token-1239
user-1240,push,fcm,fcm-token-1240
user-1241,sms,twilio,+5491100001241
user-1242,email,mailchimp,user-1242@example.com
user-1243,push,apns,apns-token-1243
user-1244,push,fcm,fcm-token-1244
user-1245,sms,twilio,+5491100001245
user-1246,email,mailchimp,user-1246@example.com
user-1247,push,apns,apns-token-1247
user-1248,push,fcm,fcm-token-1248
user-1249,sms,twilio,+5491100001249
user-1250,email,mailchimp,user-1250@example.com
user-1251,push,apns,apns-token-1251
user-1252,push,fcm,fcm-token-1252
user-1253,sms,twilio,+5491100001253
user-1254,email,mailchimp,user-1254@example.com
user-1255,push,apns,apns-token-1255
user-1256,push,fcm,fcm-token-1256
user-1257,sms,twilio,+5491100001257
user-1258,email,mailchimp,user-1258@example.com
user-1259,push,apns,apns-token-1259
user-1260,push,fcm,fcm-token-1260
user-1261,sms,twilio,+5491100001261
user-1262,email,mailchimp,user-1262@example.com
user-1263,push,apns,apns-token-1263
user-1264,push,fcm,fcm-token-1264
user-1265,sms,twilio,+5491100001265
user-1266,email,mailchimp,user-1266@example.com
user-1267,push,apns,apns-token-1267
user-1268,push,fcm,fcm-token-1268
user-1269,sms,twilio,+5491100001269
user-1270,email,mailchimp,user-1270@example.com
user-1271,push,apns,apns-token-1271
user-1272,push,fcm,fcm-token-1272
user-1273,sms,twilio,+5491100001273
user-1274,email,mailchimp,user-1274@example.com
user-1275,push,apns,apns-token-1275
user-1276,push,fcm,fcm-token-1276
user-1277,sms,twilio,+5491100001277
user-1278,email,mailchimp,user-1278@example.com
user-1279,push,apns,apns-token-1279
user-1280,push,fcm,fcm-token-1280
user-1281,sms,twilio,+5491100001281
user-1282,email,mailchimp,user-1282@example.com
user-1283,push,apns,apns-token-1283
user-1284,push,fcm,fcm-token-1284
user-1285,sms,twilio,+5491100001285
user-1286,email,mailchimp,user-1286@example.com
user-1287,push,apns,apns-token-1287
user-1288,push,fcm,fcm-token-1288
user-1289,sms,twilio,+5491100001289
user-1290,email,mailchimp,user-1290@example.com
user-1291,push,apns,apns-token-1291
user-1292,push,fcm,fcm-token-1292
user-1293,sms,twilio,+5491100001293
user-1294,email,mailchimp,user-1294@example.com
user-1295,push,apns,apns-token-1295
user-1296,push,fcm,fcm-token-1296
user-1297,sms,twilio,+5491100001297
user-1298,email,mailchimp,user-1298@example.com
user-1299,push,apns,apns-token-1299
user-1300,push,fcm,fcm-token-1300
user-1301,sms,twilio,+5491100001301
user-1302,email,mailchimp,user-1302@example.com
user-1303,push,apns,apns-token-1303
user-1304,push,fcm,fcm-token-1304
user-1305,sms,twilio,+5491100001305
user-1306,email,mailchimp,user-1306@example.com
user-1307,push,apns,apns-token-1307
user-1308,push,fcm,fcm-token-1308
user-1309,sms,twilio,+5491100001309
user-1310,email,mailchimp,user-1310@example.com
user-1311,push,apns,apns-token-1311
user-1312,push,fcm,fcm-token-1312
user-1313,sms,twilio,+5491100001313
user-1314,email,mailchimp,user-1314@example.com
user-1315,push,apns,apns-token-1315
user-1316,push,fcm,fcm-token-1316
user-1317,sms,twilio,+5491100001317
user-1318,email,mailchimp,user-1318@example.com
user-1319,push,apns,apns-token-1319
user-1320,push,fcm,fcm-token-1320
user-1321,sms,twilio,+5491100001321
user-1322,email,mailchimp,user-1322@example.com
user-1323,push,apns,apns-token-1323
user-1324,push,fcm,fcm-token-1324
user-1325,sms,twilio,+5491100001325
user-1326,email,mailchimp,user-1326@example.com
user-1327,push,apns,apns-token-1327
user-1328,push,fcm,fcm-token-1328
user-1329,sms,twilio,+5491100001329
user-1330,email,mailchimp,user-1330@example.com
user-1331,push,apns,apns-token-1331
user-1332,push,fcm,fcm-token-1332
user-1333,sms,twilio,+5491100001333
user-1334,email,mailchimp,user-1334@example.com
user-1335,push,apns,apns-token-1335
user-1336,push,fcm,fcm-token-1336
user-1337,sms,twilio,+5491100001337
user-1338,email,mailchimp,user-1338@example.com
user-1339,push,apns,apns-token-1339
user-1340,push,fcm,fcm-token-1340
user-1341,sms,twilio,+5491100001341
user-1342,email,mailchimp,user-1342@example.com
user-1343,push,apns,apns-token-1343
user-1344,push,fcm,fcm-token-1344
user-1345,sms,twilio,+5491100001345
user-1346,email,mailchimp,user-1346@example.com
user-1347,push,apns,apns-token-1347
user-1348,push,fcm,fcm-token-1348
user-1349,sms,twilio,+5491100001349
user-1350,email,mailchimp,user-1350@example.com
user-1351,push,apns,apns-token-1351
user-1352,push,fcm,fcm-token-1352
user-1353,sms,twilio,+5491100001353
user-1354,email,mailchimp,user-1354@example.com
user-1355,push,apns,apns-token-1355
user-1356,push,fcm,fcm-token-1356
user-1357,sms,twilio,+5491100001357
user-1358,email,mailchimp,user-1358@example.com
user-1359,push,apns,apns-token-1359
user-1360,push,fcm,fcm-token-1360
user-1361,sms,twilio,+5491100001361
user-1362,email,mailchimp,user-1362@example.com
user-1363,push,apns,apns-token-1363
user-1364,push,fcm,fcm-token-1364
user-1365,sms,twilio,+5491100001365
user-1366,email,mailchimp,user-1366@example.com
user-1367,push,apns,apns-token-1367
user-1368,push,fcm,fcm-token-1368
user-1369,sms,twilio,+5491100001369
user-1370,email,mailchimp,user-1370@example.com
user-1371,push,apns,apns-token-1371
user-1372,push,fcm,fcm-token-1372
user-1373,sms,twilio,+5491100001373
user-1374,email,mailchimp,user-1374@example.com
user-1375,push,apns,apns-token-1375
user-1376,push,fcm,fcm-token-1376
user-1377,sms,twilio,+5491100001377
user-1378,email,mailchimp,user-1378@example.com
user-1379,push,apns,apns-token-1379
user-1380,push,fcm,fcm-token-1380
user-1381,sms,twilio,+5491100001381
user-1382,email,mailchimp,user-1382@example.com
user-1383,push,apns,apns-token-1383
user-1384,push,fcm,fcm-token-1384
user-1385,sms,twilio,+5491100001385
user-1386,email,mailchimp,user-1386@example.com
user-1387,push,apns,apns-token-1387
user-1388,push,fcm,fcm-token-1388
user-1389,sms,twilio,+5491100001389
user-1390,email,mailchimp,user-1390@example.com
user-1391,push,apns,apns-token-1391
user-1392,push,fcm,fcm-token-1392
user-1393,sms,twilio,+5491100001393
user-1394,email,mailchimp,user-1394@example.com
user-1395,push,apns,apns-token-1395
user-1396,push,fcm,fcm-token-1396
user-1397,sms,twilio,+5491100001397
user-1398,email,mailchimp,user-1398@example.com
user-1399,push,apns,apns-token-1399
user-1400,push,fcm,fcm-token-1400
user-1401,sms,twilio,+5491100001401
user-1402,email,mailchimp,user-1402@example.com
user-1403,push,apns,apns-token-1403
user-1404,push,fcm,fcm-token-1404
user-1405,sms,twilio,+5491100001405
user-1406,email,mailchimp,user-1406@example.com
user-1407,push,apns,apns-token-1407
user-1408,push,fcm,fcm-token-1408
user-1409,sms,twilio,+5491100001409
user-1410,email,mailchimp,user-1410@example.com
user-1411,push,apns,apns-token-1411
user-1412,push,fcm,fcm-token-1412
user-1413,sms,twilio,+5491100001413
user-1414,email,mailchimp,user-1414@example.com
user-1415,push,apns,apns-token-1415
user-1416,push,fcm,fcm-token-1416
user-1417,sms,twilio,+5491100001417
user-1418,email,mailchimp,user-1418@example.com
user-1419,push,apns,apns-token-1419
user-1420,push,fcm,fcm-token-1420
user-1421,sms,twilio,+5491100001421
user-1422,email,mailchimp,user-1422@example.com
user-1423,push,apns,apns-token-1423
user-1424,push,fcm,fcm-token-1424
user-1425,sms,twilio,+5491100001425
user-1426,email,mailchimp,user-1426@example.com
user-1427,push,apns,apns-token-1427
user-1428,push,fcm,fcm-token-1428
user-1429,sms,twilio,+5491100001429
user-1430,email,mailchimp,user-1430@example.com
user-1431,push,apns,apns-token-1431
user-1432,push,fcm,fcm-token-1432
user-1433,sms,twilio,+5491100001433
user-1434,email,mailchimp,user-1434@example.com
user-1435,push,apns,apns-token-1435
user-1436,push,fcm,fcm-token-1436
user-1437,sms,twilio,+5491100001437
user-1438,email,mailchimp,user-1438@example.com
user-1439,push,apns,apns-token-1439
user-1440,push,fcm,fcm-token-1440
user-1441,sms,twilio,+5491100001441
user-1442,email,mailchimp,user-1442@example.com
user-1443,push,apns,apns-token-1443
user-1444,push,fcm,fcm-token-1444
user-1445,sms,twilio,+5491100001445
user-1446,email,mailchimp,user-1446@example.com
user-1447,push,apns,apns-token-1447
user-1448,push,fcm,fcm-token-1448
user-1449,sms,twilio,+5491100001449
user-1450,email,mailchimp,user-1450@example.com
user-1451,push,apns,apns-token-1451
user-1452,push,fcm,fcm-token-1452
user-1453,sms,twilio,+5491100001453
user-1454,email,mailchimp,user-1454@example.com
user-1455,push,apns,apns-token-1455
user-1456,push,fcm,fcm-token-1456
user-1457,sms,twilio,+5491100001457
user-1458,email,mailchimp,user-1458@example.com
user-1459,push,apns,apns-token-1459
user-1460,push,fcm,fcm-token-1460
user-1461,sms,twilio,+5491100001461
user-1462,email,mailchimp,user-1462@example.com
user-1463,push,apns,apns-token-1463
user-1464,push,fcm,fcm-token-1464
user-1465,sms,twilio,+5491100001465
user-1466,email,mailchimp,user-1466@example.com
user-1467,push,apns,apns-token-1467
user-1468,push,fcm,fcm-token-1468
user-1469,sms,twilio,+5491100001469
user-1470,email,mailchimp,user-1470@example.com
user-1471,push,apns,apns-token-1471
user-1472,push,fcm,fcm-token-1472
user-1473,sms,twilio,+5491100001473
user-1474,email,mailchimp,user-1474@example.com
user-1475,push,apns,apns-token-1475
user-1476,push,fcm,fcm-token-1476
user-1477,sms,twilio,+5491100001477
user-1478,email,mailchimp,user-1478@example.com
user-1479,push,apns,apns-token-1479
user-1480,push,fcm,fcm-token-1480
user-1481,sms,twilio,+5491100001481
user-1482,email,mailchimp,user-1482@example.com
user-1483,push,apns,apns-token-1483
user-1484,push,fcm,fcm-token-1484
user-1485,sms,twilio,+5491100001485
user-1486,email,mailchimp,user-1486@example.com
user-1487,push,apns,apns-token-1487
user-1488,push,fcm,fcm-token-1488
user-1489,sms,twilio,+5491100001489
user-1490,email,mailchimp,user-1490@example.com
user-1491,push,apns,apns-token-1491
user-1492,push,fcm,fcm-token-1492
user-1493,sms,twilio,+5491100001493
user-1494,email,mailchimp,user-1494@example.com
user-1495,push,apns,apns-token-1495
user-1496,push,fcm,fcm-token-1496
user-1497,sms,twilio,+5491100001497
user-1498,email,mailchimp,user-1498@example.com
user-1499,push,apns,apns-token-1499
user-1500,push,fcm,fcm-token-1500
user-1501,sms,twilio,+5491100001501
user-1502,email,mailchimp,user-1502@example.com
user-1503,push,apns,apns-token-1503
user-1504,push,fcm,fcm-token-1504
user-1505,sms,twilio,+5491100001505
user-1506,email,mailchimp,user-1506@example.com
user-1507,push,apns,apns-token-1507
user-1508,push,fcm,fcm-token-1508
user-1509,sms,twilio,+5491100001509
user-1510,email,mailchimp,user-1510@example.com
user-1511,push,apns,apns-token-1511
user-1512,push,fcm,fcm-token-1512
user-1513,sms,twilio,+5491100001513
user-1514,email,mailchimp,user-1514@example.com
user-1515,push,apns,apns-token-1515
user-1516,push,fcm,fcm-token-1516
user-1517,sms,twilio,+5491100001517
user-1518,email,mailchimp,user-1518@example.com
user-1519,push,apns,apns-token-1519
user-1520,push,fcm,fcm-token-1520
user-1521,sms,twilio,+5491100001521
user-1522,email,mailchimp,user-1522@example.com
user-1523,push,apns,apns-token-1523
user-1524,push,fcm,fcm-token-1524
user-1525,sms,twilio,+5491100001525
user-1526,email,mailchimp,user-1526@example.com
user-1527,push,apns,apns-token-1527
user-1528,push,fcm,fcm-token-1528
user-1529,sms,twilio,+5491100001529
user-1530,email,mailchimp,user-1530@example.com
user-1531,push,apns,apns-token-1531
user-1532,push,fcm,fcm-token-1532
user-1533,sms,twilio,+5491100001533
user-1534,email,mailchimp,user-1534@example.com
user-1535,push,apns,apns-token-1535
user-1536,push,fcm,fcm-token-1536
user-1537,sms,twilio,+5491100001537
user-1538,email,mailchimp,user-1538@example.com
user-1539,push,apns,apns-token-1539
user-1540,push,fcm,fcm-token-1540
user-1541,sms,twilio,+5491100001541
user-1542,email,mailchimp,user-1542@example.com
user-1543,push,apns,apns-token-1543
user-1544,push,fcm,fcm-token-1544
user-1545,sms,twilio,+5491100001545
user-1546,email,mailchimp,user-1546@example.com
user-1547,push,apns,apns-token-1547
user-1548,push,fcm,fcm-token-1548
user-1549,sms,twilio,+5491100001549
user-1550,email,mailchimp,user-1550@example.com
user-1551,push,apns,apns-token-1551
user-1552,push,fcm,fcm-token-1552
user-1553,sms,twilio,+5491100001553
user-1554,email,mailchimp,user-1554@example.com
user-1555,push,apns,apns-token-1555
user-1556,push,fcm,fcm-token-1556
user-1557,sms,twilio,+5491100001557
user-1558,email,mailchimp,user-1558@example.com
user-1559,push,apns,apns-token-1559
user-1560,push,fcm,fcm-token-1560
user-1561,sms,twilio,+5491100001561
user-1562,email,mailchimp,user-1562@example.com
user-1563,push,apns,apns-token-1563
user-1564,push,fcm,fcm-token-1564
user-1565,sms,twilio,+5491100001565
user-1566,email,mailchimp,user-1566@example.com
user-1567,push,apns,apns-token-1567
user-1568,push,fcm,fcm-token-1568
user-1569,sms,twilio,+5491100001569
user-1570,email,mailchimp,user-1570@example.com
user-1571,push,apns,apns-token-1571
user-1572,push,fcm,fcm-token-1572
user-1573,sms,twilio,+5491100001573
user-1574,email,mailchimp,user-1574@example.com
user-1575,push,apns,apns-token-1575
user-1576,push,fcm,fcm-token-1576
user-1577,sms,twilio,+5491100001577
user-1578,email,mailchimp,user-1578@example.com
user-1579,push,apns,apns-token-1579
user-1580,push,fcm,fcm-token-1580
user-1581,sms,twilio,+5491100001581
user-1582,email,mailchimp,user-1582@example.com
user-1583,push,apns,apns-token-1583
user-1584,push,fcm,fcm-token-1584
user-1585,sms,twilio,+5491100001585
user-1586,email,mailchimp,user-1586@example.com
user-1587,push,apns,apns-token-1587
user-1588,push,fcm,fcm-token-1588
user-1589,sms,twilio,+5491100001589
user-1590,email,mailchimp,user-1590@example.com
user-1591,push,apns,apns-token-1591
user-1592,push,fcm,fcm-token-1592
user-1593,sms,twilio,+5491100001593
user-1594,email,mailchimp,user-1594@example.com
user-1595,push,apns,apns-token-1595
user-1596,push,fcm,fcm-token-1596
user-1597,sms,twilio,+5491100001597
user-1598,email,mailchimp,user-1598@example.com
user-1599,push,apns,apns-token-1599
user-1600,push,fcm,fcm-token-1600
user-1601,sms,twilio,+5491100001601
user-1602,email,mailchimp,user-1602@example.com
user-1603,push,apns,apns-token-1603
user-1604,push,fcm,fcm-token-1604
user-1605,sms,twilio,+5491100001605
user-1606,email,mailchimp,user-1606@example.com
user-1607,push,apns,apns-token-1607
user-1608,push,fcm,fcm-token-1608
user-1609,sms,twilio,+5491100001609
user-1610,email,mailchimp,user-1610@example.com
user-1611,push,apns,apns-token-1611
user-1612,push,fcm,fcm-token-1612
user-1613,sms,twilio,+5491100001613
user-1614,email,mailchimp,user-1614@example.com
user-1615,push,apns,apns-token-1615
user-1616,push,fcm,fcm-token-1616
user-1617,sms,twilio,+5491100001617
user-1618,email,mailchimp,user-1618@example.com
user-1619,push,apns,apns-token-1619
user-1620,push,fcm,fcm-token-1620
user-1621,sms,twilio,+5491100001621
user-1622,email,mailchimp,user-1622@example.com
user-1623,push,apns,apns-token-1623
user-1624,push,fcm,fcm-token-1624
user-1625,sms,twilio,+5491100001625
user-1626,email,mailchimp,user-1626@example.com
user-1627,push,apns,apns-token-1627
user-1628,push,fcm,fcm-token-1628
user-1629,sms,twilio,+5491100001629
user-1630,email,mailchimp,user-1630@example.com
user-1631,push,apns,apns-token-1631
user-1632,push,fcm,fcm-token-1632
user-1633,sms,twilio,+5491100001633
user-1634,email,mailchimp,user-1634@example.com
user-1635,push,apns,apns-token-1635
user-1636,push,fcm,fcm-token-1636
user-1637,sms,twilio,+5491100001637
user-1638,email,mailchimp,user-1638@example.com
user-1639,push,apns,apns-token-1639
user-1640,push,fcm,fcm-token-1640
user-1641,sms,twilio,+5491100001641
user-1642,email,mailchimp,user-1642@example.com
user-1643,push,apns,apns-token-1643
user-1644,push,fcm,fcm-token-1644
user-1645,sms,twilio,+5491100001645
user-1646,email,mailchimp,user-1646@example.com
user-1647,push,apns,apns-token-1647
user-1648,push,fcm,fcm-token-1648
user-1649,sms,twilio,+5491100001649
user-1650,email,mailchimp,user-1650@example.com
user-1651,push,apns,apns-token-1651
user-1652,push,fcm,fcm-token-1652
user-1653,sms,twilio,+5491100001653
user-1654,email,mailchimp,user-1654@example.com
user-1655,push,apns,apns-token-1655
user-1656,push,fcm,fcm-token-1656
user-1657,sms,twilio,+5491100001657
user-1658,email,mailchimp,user-1658@example.com
user-1659,push,apns,apns-token-1659
user-1660,push,fcm,fcm-token-1660
user-1661,sms,twilio,+5491100001661
user-1662,email,mailchimp,user-1662@example.com
user-1663,push,apns,apns-token-1663
user-1664,push,fcm,fcm-token-1664
user-1665,sms,twilio,+5491100001665
user-1666,email,mailchimp,user-1666@example.com
user-1667,push,apns,apns-token-1667
user-1668,push,fcm,fcm-token-1668
user-1669,sms,twilio,+5491100001669
user-1670,email,mailchimp,user-1670@example.com
user-1671,push,apns,apns-token-1671
user-1672,push,fcm,fcm-token-1672
user-1673,sms,twilio,+5491100001673
user-1674,email,mailchimp,user-1674@example.com
user-1675,push,apns,apns-token-1675
user-1676,push,fcm,fcm-token-1676
user-1677,sms,twilio,+5491100001677
user-1678,email,mailchimp,user-1678@example.com
user-1679,push,apns,apns-token-1679
user-1680,push,fcm,fcm-token-1680
user-1681,sms,twilio,+5491100001681
user-1682,email,mailchimp,user-1682@example.com
user-1683,push,apns,apns-token-1683
user-1684,push,fcm,fcm-token-1684
user-1685,sms,twilio,+5491100001685
user-1686,email,mailchimp,user-1686@example.com
user-1687,push,apns,apns-token-1687
user-1688,push,fcm,fcm-token-1688
user-1689,sms,twilio,+5491100001689
user-1690,email,mailchimp,user-1690@example.com
user-1691,push,apns,apns-token-1691
user-1692,push,fcm,fcm-token-1692
user-1693,sms,twilio,+5491100001693
user-1694,email,mailchimp,user-1694@example.com
user-1695,push,apns,apns-token-1695
user-1696,push,fcm,fcm-token-1696
user-1697,sms,twilio,+5491100001697
user-1698,email,mailchimp,user-1698@example.com
user-1699,push,apns,apns-token-1699
user-1700,push,fcm,fcm-token-1700
user-1701,sms,twilio,+5491100001701
user-1702,email,mailchimp,user-1702@example.com
user-1703,push,apns,apns-token-1703
user-1704,push,fcm,fcm-token-1704
user-1705,sms,twilio,+5491100001705
user-1706,email,mailchimp,user-1706@example.com
user-1707,push,apns,apns-token-1707
user-1708,push,fcm,fcm-token-1708
user-1709,sms,twilio,+5491100001709
user-1710,email,mailchimp,user-1710@example.com
user-1711,push,apns,apns-token-1711
user-1712,push,fcm,fcm-token-1712
user-1713,sms,twilio,+5491100001713
user-1714,email,mailchimp,user-1714@example.com
user-1715,push,apns,apns-token-1715
user-1716,push,fcm,fcm-token-1716
user-1717,sms,twilio,+5491100001717
user-1718,email,mailchimp,user-1718@example.com
user-1719,push,apns,apns-token-1719
user-1720,push,fcm,fcm-token-1720
user-1721,sms,twilio,+5491100001721
user-1722,email,mailchimp,user-1722@example.com
user-1723,push,apns,apns-token-1723
user-1724,push,fcm,fcm-token-1724
user-1725,sms,twilio,+5491100001725
user-1726,email,mailchimp,user-1726@example.com
user-1727,push,apns,apns-token-1727
user-1728,push,fcm,fcm-token-1728
user-1729,sms,twilio,+5491100001729
user-1730,email,mailchimp,user-1730@example.com
user-1731,push,apns,apns-token-1731
user-1732,push,fcm,fcm-token-1732
user-1733,sms,twilio,+5491100001733
user-1734,email,mailchimp,user-1734@example.com
user-1735,push,apns,apns-token-1735
user-1736,push,fcm,fcm-token-1736
user-1737,sms,twilio,+5491100001737
user-1738,email,mailchimp,user-1738@example.com
user-1739,push,apns,apns-token-1739
user-1740,push,fcm,fcm-token-1740
user-1741,sms,twilio,+5491100001741
user-1742,email,mailchimp,user-1742@example.com
user-1743,push,apns,apns-token-1743
user-1744,push,fcm,fcm-token-1744
user-1745,sms,twilio,+5491100001745
user-1746,email,mailchimp,user-1746@example.com
user-1747,push,apns,apns-token-1747
user-1748,push,fcm,fcm-token-1748
user-1749,sms,twilio,+5491100001749
user-1750,email,mailchimp,user-1750@example.com
user-1751,push,apns,apns-token-1751
user-1752,push,fcm,fcm-token-1752
user-1753,sms,twilio,+5491100001753
user-1754,email,mailchimp,user-1754@example.com
user-1755,push,apns,apns-token-1755
user-1756,push,fcm,fcm-token-1756
user-1757,sms,twilio,+5491100001757
user-1758,email,mailchimp,user-1758@example.com
user-1759,push,apns,apns-token-1759
user-1760,push,fcm,fcm-token-1760
user-1761,sms,twilio,+5491100001761
user-1762,email,mailchimp,user-1762@example.com
user-1763,push,apns,apns-token-1763
user-1764,push,fcm,fcm-token-1764
user-1765,sms,twilio,+5491100001765
user-1766,email,mailchimp,user-1766@example.com
user-1767,push,apns,apns-token-1767
user-1768,push,fcm,fcm-token-1768
user-1769,sms,twilio,+5491100001769
user-1770,email,mailchimp,user-1770@example.com
user-1771,push,apns,apns-token-1771
user-1772,push,fcm,fcm-token-1772
user-1773,sms,twilio,+5491100001773
user-1774,email,mailchimp,user-1774@example.com
user-1775,push,apns,apns-token-1775
user-1776,push,fcm,fcm-token-1776
user-1777,sms,twilio,+5491100001777
user-1778,email,mailchimp,user-1778@example.com
user-1779,push,apns,apns-token-1779
user-1780,push,fcm,fcm-token-1780
user-1781,sms,twilio,+5491100001781
user-1782,email,mailchimp,user-1782@example.com
user-1783,push,apns,apns-token-1783
user-1784,push,fcm,fcm-token-1784
user-1785,sms,twilio,+5491100001785
user-1786,email,mailchimp,user-1786@example.com
user-1787,push,apns,apns-token-1787
user-1788,push,fcm,fcm-token-1788
user-1789,sms,twilio,+5491100001789
user-1790,email,mailchimp,user-1790@example.com
user-1791,push,apns,apns-token-1791
user-1792,push,fcm,fcm-token-1792
user-1793,sms,twilio,+5491100001793
user-1794,email,mailchimp,user-1794@example.com
user-1795,push,apns,apns-token-1795
user-1796,push,fcm,fcm-token-1796
user-1797,sms,twilio,+5491100001797
user-1798,email,mailchimp,user-1798@example.com
user-1799,push,apns,apns-token-1799
user-1800,push,fcm,fcm-token-1800
user-1801,sms,twilio,+5491100001801
user-1802,email,mailchimp,user-1802@example.com
user-1803,push,apns,apns-token-1803
user-1804,push,fcm,fcm-token-1804
user-1805,sms,twilio,+5491100001805
user-1806,email,mailchimp,user-1806@example.com
user-1807,push,apns,apns-token-1807
user-1808,push,fcm,fcm-token-1808
user-1809,sms,twilio,+5491100001809
user-1810,email,mailchimp,user-1810@example.com
user-1811,push,apns,apns-token-1811
user-1812,push,fcm,fcm-token-1812
user-1813,sms,twilio,+5491100001813
user-1814,email,mailchimp,user-1814@example.com
user-1815,push,apns,apns-token-1815
user-1816,push,fcm,fcm-token-1816
user-1817,sms,twilio,+5491100001817
user-1818,email,mailchimp,user-1818@example.com
user-1819,push,apns,apns-token-1819
user-1820,push,fcm,fcm-token-1820
user-1821,sms,twilio,+5491100001821
user-1822,email,mailchimp,user-1822@example.com
user-1823,push,apns,apns-token-1823
user-1824,push,fcm,fcm-token-1824
user-1825,sms,twilio,+5491100001825
user-1826,email,mailchimp,user-1826@example.com
user-1827,push,apns,apns-token-1827
user-1828,push,fcm,fcm-token-1828
user-1829,sms,twilio,+5491100001829
user-1830,email,mailchimp,user-1830@example.com
user-1831,push,apns,apns-token-1831
user-1832,push,fcm,fcm-token-1832
user-1833,sms,twilio,+5491100001833
user-1834,email,mailchimp,user-1834@example.com
user-1835,push,apns,apns-token-1835
user-1836,push,fcm,fcm-token-1836
user-1837,sms,twilio,+5491100001837
user-1838,email,mailchimp,user-1838@example.com
user-1839,push,apns,apns-token-1839
user-1840,push,fcm,fcm-token-1840
user-1841,sms,twilio,+5491100001841
user-1842,email,mailchimp,user-1842@example.com
user-1843,push,apns,apns-token-1843
user-1844,push,fcm,fcm-token-1844
user-1845,sms,twilio,+5491100001845
user-1846,email,mailchimp,user-1846@example.com
user-1847,push,apns,apns-token-1847
user-1848,push,fcm,fcm-token-1848
user-1849,sms,twilio,+5491100001849
user-1850,email,mailchimp,user-1850@example.com
user-1851,push,apns,apns-token-1851
user-1852,push,fcm,fcm-token-1852
user-1853,sms,twilio,+5491100001853
user-1854,email,mailchimp,user-1854@example.com
user-1855,push,apns,apns-token-1855
user-1856,push,fcm,fcm-token-1856
user-1857,sms,twilio,+5491100001857
user-1858,email,mailchimp,user-1858@example.com
user-1859,push,apns,apns-token-1859
user-1860,push,fcm,fcm-token-1860
user-1861,sms,twilio,+5491100001861
user-1862,email,mailchimp,user-1862@example.com
user-1863,push,apns,apns-token-1863
user-1864,push,fcm,fcm-token-1864
user-1865,sms,twilio,+5491100001865
user-1866,email,mailchimp,user-1866@example.com
user-1867,push,apns,apns-token-1867
user-1868,push,fcm,fcm-token-1868
user-1869,sms,twilio,+5491100001869
user-1870,email,mailchimp,user-1870@example.com
user-1871,push,apns,apns-token-1871
user-1872,push,fcm,fcm-token-1872
user-1873,sms,twilio,+5491100001873
user-1874,email,mailchimp,user-1874@example.com
user-1875,push,apns,apns-token-1875
user-1876,push,fcm,fcm-token-1876
user-1877,sms,twilio,+5491100001877
user-1878,email,mailchimp,user-1878@example.com
user-1879,push,apns,apns-token-1879
user-1880,push,fcm,fcm-token-1880
user-1881,sms,twilio,+5491100001881
user-1882,email,mailchimp,user-1882@example.com
user-1883,push,apns,apns-token-1883
user-1884,push,fcm,fcm-token-1884
user-1885,sms,twilio,+5491100001885
user-1886,email,mailchimp,user-1886@example.com
user-1887,push,apns,apns-token-1887
user-1888,push,fcm,fcm-token-1888
user-1889,sms,twilio,+5491100001889
user-1890,email,mailchimp,user-1890@example.com
user-1891,push,apns,apns-token-1891
user-1892,push,fcm,fcm-token-1892
user-1893,sms,twilio,+5491100001893
user-1894,email,mailchimp,user-1894@example.com
user-1895,push,apns,apns-token-1895
user-1896,push,fcm,fcm-token-1896
user-1897,sms,twilio,+5491100001897
user-1898,email,mailchimp,user-1898@example.com
user-1899,push,apns,apns-token-1899
user-1900,push,fcm,fcm-token-1900
user-1901,sms,twilio,+5491100001901
user-1902,email,mailchimp,user-1902@example.com
user-1903,push,apns,apns-token-1903
user-1904,push,fcm,fcm-token-1904
user-1905,sms,twilio,+5491100001905
user-1906,email,mailchimp,user-1906@example.com
user-1907,push,apns,apns-token-1907
user-1908,push,fcm,fcm-token-1908
user-1909,sms,twilio,+5491100001909
user-1910,email,mailchimp,user-1910@example.com
user-1911,push,apns,apns-token-1911
user-1912,push,fcm,fcm-token-1912
user-1913,sms,twilio,+5491100001913
user-1914,email,mailchimp,user-1914@example.com
user-1915,push,apns,apns-token-1915
user-1916,push,fcm,fcm-token-1916
user-1917,sms,twilio,+5491100001917
user-1918,email,mailchimp,user-1918@example.com
user-1919,push,apns,apns-token-1919
user-1920,push,fcm,fcm-token-1920
user-1921,sms,twilio,+5491100001921
user-1922,email,mailchimp,user-1922@example.com
user-1923,push,apns,apns-token-1923
user-1924,push,fcm,fcm-token-1924
user-1925,sms,twilio,+5491100001925
user-1926,email,mailchimp,user-1926@example.com
user-1927,push,apns,apns-token-1927
user-1928,push,fcm,fcm-token-1928
user-1929,sms,twilio,+5491100001929
user-1930,email,mailchimp,user-1930@example.com
user-1931,push,apns,apns-token-1931
user-1932,push,fcm,fcm-token-1932
user-1933,sms,twilio,+5491100001933
user-1934,email,mailchimp,user-1934@example.com
user-1935,push,apns,apns-token-1935
user-1936,push,fcm,fcm-token-1936
user-1937,sms,twilio,+5491100001937
user-1938,email,mailchimp,user-1938@example.com
user-1939,push,apns,apns-token-1939
user-1940,push,fcm,fcm-token-1940
user-1941,sms,twilio,+5491100001941
user-1942,email,mailchimp,user-1942@example.com
user-1943,push,apns,apns-token-1943
user-1944,push,fcm,fcm-token-1944
user-1945,sms,twilio,+5491100001945
user-1946,email,mailchimp,user-1946@example.com
user-1947,push,apns,apns-token-1947
user-1948,push,fcm,fcm-token-1948
user-1949,sms,twilio,+5491100001949
user-1950,email,mailchimp,user-1950@example.com
user-1951,push,apns,apns-token-1951
user-1952,push,fcm,fcm-token-1952
user-1953,sms,twilio,+5491100001953
user-1954,email,mailchimp,user-1954@example.com
user-1955,push,apns,apns-token-1955
user-1956,push,fcm,fcm-token-1956
user-1957,sms,twilio,+5491100001957
user-1958,email,mailchimp,user-1958@example.com
user-1959,push,apns,apns-token-1959
user-1960,push,fcm,fcm-token-1960
user-1961,sms,twilio,+5491100001961
user-1962,email,mailchimp,user-1962@example.com
user-1963,push,apns,apns-token-1963
user-1964,push,fcm,fcm-token-1964
user-1965,sms,twilio,+5491100001965
user-1966,email,mailchimp,user-1966@example.com
user-1967,push,apns,apns-token-1967
user-1968,push,fcm,fcm-token-1968
user-1969,sms,twilio,+5491100001969
user-1970,email,mailchimp,user-1970@example.com
user-1971,push,apns,apns-token-1971
user-1972,push,fcm,fcm-token-1972
user-1973,sms,twilio,+5491100001973
user-1974,email,mailchimp,user-1974@example.com
user-1975,push,apns,apns-token-1975
user-1976,push,fcm,fcm-token-1976
user-1977,sms,twilio,+5491100001977
user-1978,email,mailchimp,user-1978@example.com
user-1979,push,apns,apns-token-1979
user-1980,push,fcm,fcm-token-1980
user-1981,sms,twilio,+5491100001981
user-1982,email,mailchimp,user-1982@example.com
user-1983,push,apns,apns-token-1983
user-1984,push,fcm,fcm-token-1984
user-1985,sms,twilio,+5491100001985
user-1986,email,mailchimp,user-1986@example.com
user-1987,push,apns,apns-token-1987
user-1988,push,fcm,fcm-token-1988
user-1989,sms,twilio,+5491100001989
user-1990,email,mailchimp,user-1990@example.com
user-1991,push,apns,apns-token-1991
user-1992,push,fcm,fcm-token-1992
user-1993,sms,twilio,+5491100001993
user-1994,email,mailchimp,user-1994@example.com
user-1995,push,apns,apns-token-1995
user-1996,push,fcm,fcm-token-1996
user-1997,sms,twilio,+5491100001997
user-1998,email,mailchimp,user-1998@example.com
user-1999,push,apns,apns-token-1999
user-2000,push,fcm,fcm-token-2000
user-2001,sms,twilio,+5491100002001
user-2002,email,mailchimp,user-2002@example.com
user-2003,push,apns,apns-token-2003
user-2004,push,fcm,fcm-token-2004
user-2005,sms,twilio,+5491100002005
user-2006,email,mailchimp,user-2006@example.com
user-2007,push,apns,apns-token-2007
user-2008,push,fcm,fcm-token-2008
user-2009,sms,twilio,+5491100002009
user-2010,email,mailchimp,user-2010@example.com
user-2011,push,apns,apns-token-2011
user-2012,push,fcm,fcm-token-2012
user-2013,sms,twilio,+5491100002013
user-2014,email,mailchimp,user-2014@example.com
user-2015,push,apns,apns-token-2015
user-2016,push,fcm,fcm-token-2016
user-2017,sms,twilio,+5491100002017
user-2018,email,mailchimp,user-2018@example.com
user-2019,push,apns,apns-token-2019
user-2020,push,fcm,fcm-token-2020
user-2021,sms,twilio,+5491100002021
user-2022,email,mailchimp,user-2022@example.com
user-2023,push,apns,apns-token-2023
user-2024,push,fcm,fcm-token-2024
user-2025,sms,twilio,+5491100002025
user-2026,email,mailchimp,user-2026@example.com
user-2027,push,apns,apns-token-2027
user-2028,push,fcm,fcm-token-2028
user-2029,sms,twilio,+5491100002029
user-2030,email,mailchimp,user-2030@example.com
user-2031,push,apns,apns-token-2031
user-2032,push,fcm,fcm-token-2032
user-2033,sms,twilio,+5491100002033
user-2034,email,mailchimp,user-2034@example.com
user-2035,push,apns,apns-token-2035
user-2036,push,fcm,fcm-token-2036
user-2037,sms,twilio,+5491100002037
user-2038,email,mailchimp,user-2038@example.com
user-2039,push,apns,apns-token-2039
user-2040,push,fcm,fcm-token-2040
user-2041,sms,twilio,+5491100002041
user-2042,email,mailchimp,user-2042@example.com
user-2043,push,apns,apns-token-2043
user-2044,push,fcm,fcm-token-2044
user-2045,sms,twilio,+5491100002045
user-2046,email,mailchimp,user-2046@example.com
user-2047,push,apns,apns-token-2047
user-2048,push,fcm,fcm-token-2048
user-2049,sms,twilio,+5491100002049
user-2050,email,mailchimp,user-2050@example.com
user-2051,push,apns,apns-token-2051
user-2052,push,fcm,fcm-token-2052
user-2053,sms,twilio,+5491100002053
user-2054,email,mailchimp,user-2054@example.com
user-2055,push,apns,apns-token-2055
user-2056,push,fcm,fcm-token-2056
user-2057,sms,twilio,+5491100002057
user-2058,email,mailchimp,user-2058@example.com
user-2059,push,apns,apns-token-2059
user-2060,push,fcm,fcm-token-2060
user-2061,sms,twilio,+5491100002061
user-2062,email,mailchimp,user-2062@example.com
user-2063,push,apns,apns-token-2063
user-2064,push,fcm,fcm-token-2064
user-2065,sms,twilio,+5491100002065
user-2066,email,mailchimp,user-2066@example.com
user-2067,push,apns,apns-token-2067
user-2068,push,fcm,fcm-token-2068
user-2069,sms,twilio,+5491100002069
user-2070,email,mailchimp,user-2070@example.com
user-2071,push,apns,apns-token-2071
user-2072,push,fcm,fcm-token-2072
user-2073,sms,twilio,+5491100002073
user-2074,email,mailchimp,user-2074@example.com
user-2075,push,apns,apns-token-2075
user-2076,push,fcm,fcm-token-2076
user-2077,sms,twilio,+5491100002077
user-2078,email,mailchimp,user-2078@example.com
user-2079,push,apns,apns-token-2079
user-2080,push,fcm,fcm-token-2080
user-2081,sms,twilio,+5491100002081
user-2082,email,mailchimp,user-2082@example.com
user-2083,push,apns,apns-token-2083
user-2084,push,fcm,fcm-token-2084
user-2085,sms,twilio,+5491100002085
user-2086,email,mailchimp,user-2086@example.com
user-2087,push,apns,apns-token-2087
user-2088,push,fcm,fcm-token-2088
user-2089,sms,twilio,+5491100002089
user-2090,email,mailchimp,user-2090@example.com
user-2091,push,apns,apns-token-2091
user-2092,push,fcm,fcm-token-2092
user-2093,sms,twilio,+5491100002093
user-2094,email,mailchimp,user-2094@example.com
user-2095,push,apns,apns-token-2095
user-2096,push,fcm,fcm-token-2096
user-2097,sms,twilio,+5491100002097
user-2098,email,mailchimp,user-2098@example.com
user-2099,push,apns,apns-token-2099
user-2100,push,fcm,fcm-token-2100
user-2101,sms,twilio,+5491100002101
user-2102,email,mailchimp,user-2102@example.com
user-2103,push,apns,apns-token-2103
user-2104,push,fcm,fcm-token-2104
user-2105,sms,twilio,+5491100002105
user-2106,email,mailchimp,user-2106@example.com
user-2107,push,apns,apns-token-2107
user-2108,push,fcm,fcm-token-2108
user-2109,sms,twilio,+5491100002109
user-2110,email,mailchimp,user-2110@example.com
user-2111,push,apns,apns-token-2111
user-2112,push,fcm,fcm-token-2112
user-2113,sms,twilio,+5491100002113
user-2114,email,mailchimp,user-2114@example.com
user-2115,push,apns,apns-token-2115
user-2116,push,fcm,fcm-token-2116
user-2117,sms,twilio,+5491100002117
user-2118,email,mailchimp,user-2118@example.com
user-2119,push,apns,apns-token-2119
user-2120,push,fcm,fcm-token-2120
user-2121,sms,twilio,+5491100002121
user-2122,email,mailchimp,user-2122@example.com
user-2123,push,apns,apns-token-2123
user-2124,push,fcm,fcm-token-2124
user-2125,sms,twilio,+5491100002125
user-2126,email,mailchimp,user-2126@example.com
user-2127,push,apns,apns-token-2127
user-2128,push,fcm,fcm-token-2128
user-2129,sms,twilio,+5491100002129
user-2130,email,mailchimp,user-2130@example.com
user-2131,push,apns,apns-token-2131
user-2132,push,fcm,fcm-token-2132
user-2133,sms,twilio,+5491100002133
user-2134,email,mailchimp,user-2134@example.com
user-2135,push,apns,apns-token-2135
user-2136,push,fcm,fcm-token-2136
user-2137,sms,twilio,+5491100002137
user-2138,email,mailchimp,user-2138@example.com
user-2139,push,apns,apns-token-2139
user-2140,push,fcm,fcm-token-2140
user-2141,sms,twilio,+5491100002141
user-2142,email,mailchimp,user-2142@example.com
user-2143,push,apns,apns-token-2143
user-2144,push,fcm,fcm-token-2144
user-2145,sms,twilio,+5491100002145
user-2146,email,mailchimp,user-2146@example.com
user-2147,push,apns,apns-token-2147
user-2148,push,fcm,fcm-token-2148
user-2149,sms,twilio,+5491100002149
user-2150,email,mailchimp,user-2150@example.com
user-2151,push,apns,apns-token-2151
user-2152,push,fcm,fcm-token-2152
user-2153,sms,twilio,+5491100002153
user-2154,email,mailchimp,user-2154@example.com
user-2155,push,apns,apns-token-2155
user-2156,push,fcm,fcm-token-2156
user-2157,sms,twilio,+5491100002157
user-2158,email,mailchimp,user-2158@example.com
user-2159,push,apns,apns-token-2159
user-2160,push,fcm,fcm-token-2160
user-2161,sms,twilio,+5491100002161
user-2162,email,mailchimp,user-2162@example.com
user-2163,push,apns,apns-token-2163
user-2164,push,fcm,fcm-token-2164
user-2165,sms,twilio,+5491100002165
user-2166,email,mailchimp,user-2166@example.com
user-2167,push,apns,apns-token-2167
user-2168,push,fcm,fcm-token-2168
user-2169,sms,twilio,+5491100002169
user-2170,email,mailchimp,user-2170@example.com
user-2171,push,apns,apns-token-2171
user-2172,push,fcm,fcm-token-2172
user-2173,sms,twilio,+5491100002173
user-2174,email,mailchimp,user-2174@example.com
user-2175,push,apns,apns-token-2175
user-2176,push,fcm,fcm-token-2176
user-2177,sms,twilio,+5491100002177
user-2178,email,mailchimp,user-2178@example.com
user-2179,push,apns,apns-token-2179
user-2180,push,fcm,fcm-token-2180
user-2181,sms,twilio,+5491100002181
user-2182,email,mailchimp,user-2182@example.com
user-2183,push,apns,apns-token-2183
user-2184,push,fcm,fcm-token-2184
user-2185,sms,twilio,+5491100002185
user-2186,email,mailchimp,user-2186@example.com
user-2187,push,apns,apns-token-2187
user-2188,push,fcm,fcm-token-2188
user-2189,sms,twilio,+5491100002189
user-2190,email,mailchimp,user-2190@example.com
user-2191,push,apns,apns-token-2191
user-2192,push,fcm,fcm-token-2192
user-2193,sms,twilio,+5491100002193
user-2194,email,mailchimp,user-2194@example.com
user-2195,push,apns,apns-token-2195
user-2196,push,fcm,fcm-token-2196
user-2197,sms,twilio,+5491100002197
user-2198,email,mailchimp,user-2198@example.com
user-2199,push,apns,apns-token-2199
user-2200,push,fcm,fcm-token-2200
user-2201,sms,twilio,+5491100002201
user-2202,email,mailchimp,user-2202@example.com
user-2203,push,apns,apns-token-2203
user-2204,push,fcm,fcm-token-2204
user-2205,sms,twilio,+5491100002205
user-2206,email,mailchimp,user-2206@example.com
user-2207,push,apns,apns-token-2207
user-2208,push,fcm,fcm-token-2208
user-2209,sms,twilio,+5491100002209
user-2210,email,mailchimp,user-2210@example.com
user-2211,push,apns,apns-token-2211
user-2212,push,fcm,fcm-token-2212
user-2213,sms,twilio,+5491100002213
user-2214,email,mailchimp,user-2214@example.com
user-2215,push,apns,apns-token-2215
user-2216,push,fcm,fcm-token-2216
user-2217,sms,twilio,+5491100002217
user-2218,email,mailchimp,user-2218@example.com
user-2219,push,apns,apns-token-2219
user-2220,push,fcm,fcm-token-2220
user-2221,sms,twilio,+5491100002221
user-2222,email,mailchimp,user-2222@example.com
user-2223,push,apns,apns-token-2223
user-2224,push,fcm,fcm-token-2224
user-2225,sms,twilio,+5491100002225
user-2226,email,mailchimp,user-2226@example.com
user-2227,push,apns,apns-token-2227
user-2228,push,fcm,fcm-token-2228
user-2229,sms,twilio,+5491100002229
user-2230,email,mailchimp,user-2230@example.com
user-2231,push,apns,apns-token-2231
user-2232,push,fcm,fcm-token-2232
user-2233,sms,twilio,+5491100002233
user-2234,email,mailchimp,user-2234@example.com
user-2235,push,apns,apns-token-2235
user-2236,push,fcm,fcm-token-2236
user-2237,sms,twilio,+5491100002237
user-2238,email,mailchimp,user-2238@example.com
user-2239,push,apns,apns-token-2239
user-2240,push,fcm,fcm-token-2240
user-2241,sms,twilio,+5491100002241
user-2242,email,mailchimp,user-2242@example.com
user-2243,push,apns,apns-token-2243
user-2244,push,fcm,fcm-token-2244
user-2245,sms,twilio,+5491100002245
user-2246,email,mailchimp,user-2246@example.com
user-2247,push,apns,apns-token-2247
user-2248,push,fcm,fcm-token-2248
user-2249,sms,twilio,+5491100002249
user-2250,email,mailchimp,user-2250@example.com
user-2251,push,apns,apns-token-2251
user-2252,push,fcm,fcm-token-2252
user-2253,sms,twilio,+5491100002253
user-2254,email,mailchimp,user-2254@example.com
user-2255,push,apns,apns-token-2255
user-2256,push,fcm,fcm-token-2256
user-2257,sms,twilio,+5491100002257
user-2258,email,mailchimp,user-2258@example.com
user-2259,push,apns,apns-token-2259
user-2260,push,fcm,fcm-token-2260
user-2261,sms,twilio,+5491100002261
user-2262,email,mailchimp,user-2262@example.com
user-2263,push,apns,apns-token-2263
user-2264,push,fcm,fcm-token-2264
user-2265,sms,twilio,+5491100002265
user-2266,email,mailchimp,user-2266@example.com
user-2267,push,apns,apns-token-2267
user-2268,push,fcm,fcm-token-2268
user-2269,sms,twilio,+5491100002269
user-2270,email,mailchimp,user-2270@example.com
user-2271,push,apns,apns-token-2271
user-2272,push,fcm,fcm-token-2272
user-2273,sms,twilio,+5491100002273
user-2274,email,mailchimp,user-2274@example.com
user-2275,push,apns,apns-token-2275
user-2276,push,fcm,fcm-token-2276
user-2277,sms,twilio,+5491100002277
user-2278,email,mailchimp,user-2278@example.com
user-2279,push,apns,apns-token-2279
user-2280,push,fcm,fcm-token-2280
user-2281,sms,twilio,+5491100002281
user-2282,email,mailchimp,user-2282@example.com
user-2283,push,apns,apns-token-2283
user-2284,push,fcm,fcm-token-2284
user-2285,sms,twilio,+5491100002285
user-2286,email,mailchimp,user-2286@example.com
user-2287,push,apns,apns-token-2287
user-2288,push,fcm,fcm-token-2288
user-2289,sms,twilio,+5491100002289
user-2290,email,mailchimp,user-2290@example.com
user-2291,push,apns,apns-token-2291
user-2292,push,fcm,fcm-token-2292
user-2293,sms,twilio,+5491100002293
user-2294,email,mailchimp,user-2294@example.com
user-2295,push,apns,apns-token-2295
user-2296,push,fcm,fcm-token-2296
user-2297,sms,twilio,+5491100002297
user-2298,email,mailchimp,user-2298@example.com
user-2299,push,apns,apns-token-2299
user-2300,push,fcm,fcm-token-2300
user-2301,sms,twilio,+5491100002301
user-2302,email,mailchimp,user-2302@example.com
user-2303,push,apns,apns-token-2303
user-2304,push,fcm,fcm-token-2304
user-2305,sms,twilio,+5491100002305
user-2306,email,mailchimp,user-2306@example.com
user-2307,push,apns,apns-token-2307
user-2308,push,fcm,fcm-token-2308
user-2309,sms,twilio,+5491100002309
user-2310,email,mailchimp,user-2310@example.com
user-2311,push,apns,apns-token-2311
user-2312,push,fcm,fcm-token-2312
user-2313,sms,twilio,+5491100002313
user-2314,email,mailchimp,user-2314@example.com
user-2315,push,apns,apns-token-2315
user-2316,push,fcm,fcm-token-2316
user-2317,sms,twilio,+5491100002317
user-2318,email,mailchimp,user-2318@example.com
user-2319,push,apns,apns-token-2319
user-2320,push,fcm,fcm-token-2320
user-2321,sms,twilio,+5491100002321
user-2322,email,mailchimp,user-2322@example.com
user-2323,push,apns,apns-token-2323
user-2324,push,fcm,fcm-token-2324
user-2325,sms,twilio,+5491100002325
user-2326,email,mailchimp,user-2326@example.com
user-2327,push,apns,apns-token-2327
user-2328,push,fcm,fcm-token-2328
user-2329,sms,twilio,+5491100002329
user-2330,email,mailchimp,user-2330@example.com
user-2331,push,apns,apns-token-2331
user-2332,push,fcm,fcm-token-2332
user-2333,sms,twilio,+5491100002333
user-2334,email,mailchimp,user-2334@example.com
user-2335,push,apns,apns-token-2335
user-2336,push,fcm,fcm-token-2336
user-2337,sms,twilio,+5491100002337
user-2338,email,mailchimp,user-2338@example.com
user-2339,push,apns,apns-token-2339
user-2340,push,fcm,fcm-token-2340
user-2341,sms,twilio,+5491100002341
user-2342,email,mailchimp,user-2342@example.com
user-2343,push,apns,apns-token-2343
user-2344,push,fcm,fcm-token-2344
user-2345,sms,twilio,+5491100002345
user-2346,email,mailchimp,user-2346@example.com
user-2347,push,apns,apns-token-2347
user-2348,push,fcm,fcm-token-2348
user-2349,sms,twilio,+5491100002349
user-2350,email,mailchimp,user-2350@example.com
user-2351,push,apns,apns-token-2351
user-2352,push,fcm,fcm-token-2352
user-2353,sms,twilio,+5491100002353
user-2354,email,mailchimp,user-2354@example.com
user-2355,push,apns,apns-token-2355
user-2356,push,fcm,fcm-token-2356
user-2357,sms,twilio,+5491100002357
user-2358,email,mailchimp,user-2358@example.com
user-2359,push,apns,apns-token-2359
user-2360,push,fcm,fcm-token-2360
user-2361,sms,twilio,+5491100002361
user-2362,email,mailchimp,user-2362@example.com
user-2363,push,apns,apns-token-2363
user-2364,push,fcm,fcm-token-2364
user-2365,sms,twilio,+5491100002365
user-2366,email,mailchimp,user-2366@example.com
user-2367,push,apns,apns-token-2367
user-2368,push,fcm,fcm-token-2368
user-2369,sms,twilio,+5491100002369
user-2370,email,mailchimp,user-2370@example.com
user-2371,push,apns,apns-token-2371
user-2372,push,fcm,fcm-token-2372
user-2373,sms,twilio,+5491100002373
user-2374,email,mailchimp,user-2374@example.com
user-2375,push,apns,apns-token-2375
user-2376,push,fcm,fcm-token-2376
user-2377,sms,twilio,+5491100002377
user-2378,email,mailchimp,user-2378@example.com
user-2379,push,apns,apns-token-2379
user-2380,push,fcm,fcm-token-2380
user-2381,sms,twilio,+5491100002381
user-2382,email,mailchimp,user-2382@example.com
user-2383,push,apns,apns-token-2383
user-2384,push,fcm,fcm-token-2384
user-2385,sms,twilio,+5491100002385
user-2386,email,mailchimp,user-2386@example.com
user-2387,push,apns,apns-token-2387
user-2388,push,fcm,fcm-token-2388
user-2389,sms,twilio,+5491100002389
user-2390,email,mailchimp,user-2390@example.com
user-2391,push,apns,apns-token-2391
user-2392,push,fcm,fcm-token-2392
user-2393,sms,twilio,+5491100002393
user-2394,email,mailchimp,user-2394@example.com
user-2395,push,apns,apns-token-2395
user-2396,push,fcm,fcm-token-2396
user-2397,sms,twilio,+5491100002397
user-2398,email,mailchimp,user-2398@example.com
user-2399,push,apns,apns-token-2399
user-2400,push,fcm,fcm-token-2400
user-2401,sms,twilio,+5491100002401
user-2402,email,mailchimp,user-2402@example.com
user-2403,push,apns,apns-token-2403
user-2404,push,fcm,fcm-token-2404
user-2405,sms,twilio,+5491100002405
user-2406,email,mailchimp,user-2406@example.com
user-2407,push,apns,apns-token-2407
user-2408,push,fcm,fcm-token-2408
user-2409,sms,twilio,+5491100002409
user-2410,email,mailchimp,user-2410@example.com
user-2411,push,apns,apns-token-2411
user-2412,push,fcm,fcm-token-2412
user-2413,sms,twilio,+5491100002413
user-2414,email,mailchimp,user-2414@example.com
user-2415,push,apns,apns-token-2415
user-2416,push,fcm,fcm-token-2416
user-2417,sms,twilio,+5491100002417
user-2418,email,mailchimp,user-2418@example.com
user-2419,push,apns,apns-token-2419
user-2420,push,fcm,fcm-token-2420
user-2421,sms,twilio,+5491100002421
user-2422,email,mailchimp,user-2422@example.com
user-2423,push,apns,apns-token-2423
user-2424,push,fcm,fcm-token-2424
user-2425,sms,twilio,+5491100002425
user-2426,email,mailchimp,user-2426@example.com
user-2427,push,apns,apns-token-2427
user-2428,push,fcm,fcm-token-2428
user-2429,sms,twilio,+5491100002429
user-2430,email,mailchimp,user-2430@example.com
user-2431,push,apns,apns-token-2431
user-2432,push,fcm,fcm-token-2432
user-2433,sms,twilio,+5491100002433
user-2434,email,mailchimp,user-2434@example.com
user-2435,push,apns,apns-token-2435
user-2436,push,fcm,fcm-token-2436
user-2437,sms,twilio,+5491100002437
user-2438,email,mailchimp,user-2438@example.com
user-2439,push,apns,apns-token-2439
user-2440,push,fcm,fcm-token-2440
user-2441,sms,twilio,+5491100002441
user-2442,email,mailchimp,user-2442@example.com
user-2443,push,apns,apns-token-2443
user-2444,push,fcm,fcm-token-2444
user-2445,sms,twilio,+5491100002445
user-2446,email,mailchimp,user-2446@example.com
user-2447,push,apns,apns-token-2447
user-2448,push,fcm,fcm-token-2448
user-2449,sms,twilio,+5491100002449
user-2450,email,mailchimp,user-2450@example.com
user-2451,push,apns,apns-token-2451
user-2452,push,fcm,fcm-token-2452
user-2453,sms,twilio,+5491100002453
user-2454,email,mailchimp,user-2454@example.com
user-2455,push,apns,apns-token-2455
user-2456,push,fcm,fcm-token-2456
user-2457,sms,twilio,+5491100002457
user-2458,email,mailchimp,user-2458@example.com
user-2459,push,apns,apns-token-2459
user-2460,push,fcm,fcm-token-2460
user-2461,sms,twilio,+5491100002461
user-2462,email,mailchimp,user-2462@example.com
user-2463,push,apns,apns-token-2463
user-2464,push,fcm,fcm-token-2464
user-2465,sms,twilio,+5491100002465
user-2466,email,mailchimp,user-2466@example.com
user-2467,push,apns,apns-token-2467
user-2468,push,fcm,fcm-token-2468
user-2469,sms,twilio,+5491100002469
user-2470,email,mailchimp,user-2470@example.com
user-2471,push,apns,apns-token-2471
user-2472,push,fcm,fcm-token-2472
user-2473,sms,twilio,+5491100002473
user-2474,email,mailchimp,user-2474@example.com
user-2475,push,apns,apns-token-2475
user-2476,push,fcm,fcm-token-2476
user-2477,sms,twilio,+5491100002477
user-2478,email,mailchimp,user-2478@example.com
user-2479,push,apns,apns-token-2479
user-2480,push,fcm,fcm-token-2480
user-2481,sms,twilio,+5491100002481
user-2482,email,mailchimp,user-2482@example.com
user-2483,push,apns,apns-token-2483
user-2484,push,fcm,fcm-token-2484
user-2485,sms,twilio,+5491100002485
user-2486,email,mailchimp,user-2486@example.com
user-2487,push,apns,apns-token-2487
user-2488,push,fcm,fcm-token-2488
user-2489,sms,twilio,+5491100002489
user-2490,email,mailchimp,user-2490@example.com
user-2491,push,apns,apns-token-2491
user-2492,push,fcm,fcm-token-2492
user-2493,sms,twilio,+5491100002493
user-2494,email,mailchimp,user-2494@example.com
user-2495,push,apns,apns-token-2495
user-2496,push,fcm,fcm-token-2496
user-2497,sms,twilio,+5491100002497
user-2498,email,mailchimp,user-2498@example.com
user-2499,push,apns,apns-token-2499
user-2500,push,fcm,fcm-token-2500
user-2501,sms,twilio,+5491100002501
user-2502,email,mailchimp,user-2502@example.com
user-2503,push,apns,apns-token-2503
user-2504,push,fcm,fcm-token-2504
user-2505,sms,twilio,+5491100002505
user-2506,email,mailchimp,user-2506@example.com
user-2507,push,apns,apns-token-2507
user-2508,push,fcm,fcm-token-2508
user-2509,sms,twilio,+5491100002509
user-2510,email,mailchimp,user-2510@example.com
user-2511,push,apns,apns-token-2511
user-2512,push,fcm,fcm-token-2512
user-2513,sms,twilio,+5491100002513
user-2514,email,mailchimp,user-2514@example.com
user-2515,push,apns,apns-token-2515
user-2516,push,fcm,fcm-token-2516
user-2517,sms,twilio,+5491100002517
user-2518,email,mailchimp,user-2518@example.com
user-2519,push,apns,apns-token-2519
user-2520,push,fcm,fcm-token-2520
user-2521,sms,twilio,+5491100002521
user-2522,email,mailchimp,user-2522@example.com
user-2523,push,apns,apns-token-2523
user-2524,push,fcm,fcm-token-2524
user-2525,sms,twilio,+5491100002525
user-2526,email,mailchimp,user-2526@example.com
user-2527,push,apns,apns-token-2527
user-2528,push,fcm,fcm-token-2528
user-2529,sms,twilio,+5491100002529
user-2530,email,mailchimp,user-2530@example.com
user-2531,push,apns,apns-token-2531
user-2532,push,fcm,fcm-token-2532
user-2533,sms,twilio,+5491100002533
user-2534,email,mailchimp,user-2534@example.com
user-2535,push,apns,apns-token-2535
user-2536,push,fcm,fcm-token-2536
user-2537,sms,twilio,+5491100002537
user-2538,email,mailchimp,user-2538@example.com
user-2539,push,apns,apns-token-2539
user-2540,push,fcm,fcm-token-2540
user-2541,sms,twilio,+5491100002541
user-2542,email,mailchimp,user-2542@example.com
user-2543,push,apns,apns-token-2543
user-2544,push,fcm,fcm-token-2544
user-2545,sms,twilio,+5491100002545
user-2546,email,mailchimp,user-2546@example.com
user-2547,push,apns,apns-token-2547
user-2548,push,fcm,fcm-token-2548
user-2549,sms,twilio,+5491100002549
user-2550,email,mailchimp,user-2550@example.com
user-2551,push,apns,apns-token-2551
user-2552,push,fcm,fcm-token-2552
user-2553,sms,twilio,+5491100002553
user-2554,email,mailchimp,user-2554@example.com
user-2555,push,apns,apns-token-2555
user-2556,push,fcm,fcm-token-2556
user-2557,sms,twilio,+5491100002557
user-2558,email,mailchimp,user-2558@example.com
user-2559,push,apns,apns-token-2559
user-2560,push,fcm,fcm-token-2560
user-2561,sms,twilio,+5491100002561
user-2562,email,mailchimp,user-2562@example.com
user-2563,push,apns,apns-token-2563
user-2564,push,fcm,fcm-token-2564
user-2565,sms,twilio,+5491100002565
user-2566,email,mailchimp,user-2566@example.com
user-2567,push,apns,apns-token-2567
user-2568,push,fcm,fcm-token-2568
user-2569,sms,twilio,+5491100002569
user-2570,email,mailchimp,user-2570@example.com
user-2571,push,apns,apns-token-2571
user-2572,push,fcm,fcm-token-2572
user-2573,sms,twilio,+5491100002573
user-2574,email,mailchimp,user-2574@example.com
user-2575,push,apns,apns-token-2575
user-2576,push,fcm,fcm-token-2576
user-2577,sms,twilio,+5491100002577
user-2578,email,mailchimp,user-2578@example.com
user-2579,push,apns,apns-token-2579
user-2580,push,fcm,fcm-token-2580
user-2581,sms,twilio,+5491100002581
user-2582,email,mailchimp,user-2582@example.com
user-2583,push,apns,apns-token-2583
user-2584,push,fcm,fcm-token-2584
user-2585,sms,twilio,+5491100002585
user-2586,email,mailchimp,user-2586@example.com
user-2587,push,apns,apns-token-2587
user-2588,push,fcm,fcm-token-2588
user-2589,sms,twilio,+5491100002589
user-2590,email,mailchimp,user-2590@example.com
user-2591,push,apns,apns-token-2591
user-2592,push,fcm,fcm-token-2592
user-2593,sms,twilio,+5491100002593
user-2594,email,mailchimp,user-2594@example.com
user-2595,push,apns,apns-token-2595
user-2596,push,fcm,fcm-token-2596
user-2597,sms,twilio,+5491100002597
user-2598,email,mailchimp,user-2598@example.com
user-2599,push,apns,apns-token-2599
user-2600,push,fcm,fcm-token-2600
user-2601,sms,twilio,+5491100002601
user-2602,email,mailchimp,user-2602@example.com
user-2603,push,apns,apns-token-2603
user-2604,push,fcm,fcm-token-2604
user-2605,sms,twilio,+5491100002605
user-2606,email,mailchimp,user-2606@example.com
user-2607,push,apns,apns-token-2607
user-2608,push,fcm,fcm-token-2608
user-2609,sms,twilio,+5491100002609
user-2610,email,mailchimp,user-2610@example.com
user-2611,push,apns,apns-token-2611
user-2612,push,fcm,fcm-token-2612
user-2613,sms,twilio,+5491100002613
user-2614,email,mailchimp,user-2614@example.com
user-2615,push,apns,apns-token-2615
user-2616,push,fcm,fcm-token-2616
user-2617,sms,twilio,+5491100002617
user-2618,email,mailchimp,user-2618@example.com
user-2619,push,apns,apns-token-2619
user-2620,push,fcm,fcm-token-2620
user-2621,sms,twilio,+5491100002621
user-2622,email,mailchimp,user-2622@example.com
user-2623,push,apns,apns-token-2623
user-2624,push,fcm,fcm-token-2624
user-2625,sms,twilio,+5491100002625
user-2626,email,mailchimp,user-2626@example.com
user-2627,push,apns,apns-token-2627
user-2628,push,fcm,fcm-token-2628
user-2629,sms,twilio,+5491100002629
user-2630,email,mailchimp,user-2630@example.com
user-2631,push,apns,apns-token-2631
user-2632,push,fcm,fcm-token-2632
user-2633,sms,twilio,+5491100002633
user-2634,email,mailchimp,user-2634@example.com
user-2635,push,apns,apns-token-2635
user-2636,push,fcm,fcm-token-2636
user-2637,sms,twilio,+5491100002637
user-2638,email,mailchimp,user-2638@example.com
user-2639,push,apns,apns-token-2639
user-2640,push,fcm,fcm-token-2640
user-2641,sms,twilio,+5491100002641
user-2642,email,mailchimp,user-2642@example.com
user-2643,push,apns,apns-token-2643
user-2644,push,fcm,fcm-token-2644
user-2645,sms,twilio,+5491100002645
user-2646,email,mailchimp,user-2646@example.com
user-2647,push,apns,apns-token-2647
user-2648,push,fcm,fcm-token-2648
user-2649,sms,twilio,+5491100002649
user-2650,email,mailchimp,user-2650@example.com
user-2651,push,apns,apns-token-2651
user-2652,push,fcm,fcm-token-2652
user-2653,sms,twilio,+5491100002653
user-2654,email,mailchimp,user-2654@example.com
user-2655,push,apns,apns-token-2655
user-2656,push,fcm,fcm-token-2656
user-2657,sms,twilio,+5491100002657
user-2658,email,mailchimp,user-2658@example.com
user-2659,push,apns,apns-token-2659
user-2660,push,fcm,fcm-token-2660
user-2661,sms,twilio,+5491100002661
user-2662,email,mailchimp,user-2662@example.com
user-2663,push,apns,apns-token-2663
user-2664,push,fcm,fcm-token-2664
user-2665,sms,twilio,+5491100002665
user-2666,email,mailchimp,user-2666@example.com
user-2667,push,apns,apns-token-2667
user-2668,push,fcm,fcm-token-2668
user-2669,sms,twilio,+5491100002669
user-2670,email,mailchimp,user-2670@example.com
user-2671,push,apns,apns-token-2671
user-2672,push,fcm,fcm-token-2672
user-2673,sms,twilio,+5491100002673
user-2674,email,mailchimp,user-2674@example.com
user-2675,push,apns,apns-token-2675
user-2676,push,fcm,fcm-token-2676
user-2677,sms,twilio,+5491100002677
user-2678,email,mailchimp,user-2678@example.com
user-2679,push,apns,apns-token-2679
user-2680,push,fcm,fcm-token-2680
user-2681,sms,twilio,+5491100002681
user-2682,email,mailchimp,user-2682@example.com
user-2683,push,apns,apns-token-2683
user-2684,push,fcm,fcm-token-2684
user-2685,sms,twilio,+5491100002685
user-2686,email,mailchimp,user-2686@example.com
user-2687,push,apns,apns-token-2687
user-2688,push,fcm,fcm-token-2688
user-2689,sms,twilio,+5491100002689
user-2690,email,mailchimp,user-2690@example.com
user-2691,push,apns,apns-token-2691
user-2692,push,fcm,fcm-token-2692
user-2693,sms,twilio,+5491100002693
user-2694,email,mailchimp,user-2694@example.com
user-2695,push,apns,apns-token-2695
user-2696,push,fcm,fcm-token-2696
user-2697,sms,twilio,+5491100002697
user-2698,email,mailchimp,user-2698@example.com
user-2699,push,apns,apns-token-2699
user-2700,push,fcm,fcm-token-2700
user-2701,sms,twilio,+5491100002701
user-2702,email,mailchimp,user-2702@example.com
user-2703,push,apns,apns-token-2703
user-2704,push,fcm,fcm-token-2704
user-2705,sms,twilio,+5491100002705
user-2706,email,mailchimp,user-2706@example.com
user-2707,push,apns,apns-token-2707
user-2708,push,fcm,fcm-token-2708
user-2709,sms,twilio,+5491100002709
user-2710,email,mailchimp,user-2710@example.com
user-2711,push,apns,apns-token-2711
user-2712,push,fcm,fcm-token-2712
user-2713,sms,twilio,+5491100002713
user-2714,email,mailchimp,user-2714@example.com
user-2715,push,apns,apns-token-2715
user-2716,push,fcm,fcm-token-2716
user-2717,sms,twilio,+5491100002717
user-2718,email,mailchimp,user-2718@example.com
user-2719,push,apns,apns-token-2719
user-2720,push,fcm,fcm-token-2720
user-2721,sms,twilio,+5491100002721
user-2722,email,mailchimp,user-2722@example.com
user-2723,push,apns,apns-token-2723
user-2724,push,fcm,fcm-token-2724
user-2725,sms,twilio,+5491100002725
user-2726,email,mailchimp,user-2726@example.com
user-2727,push,apns,apns-token-2727
user-2728,push,fcm,fcm-token-2728
user-2729,sms,twilio,+5491100002729
user-2730,email,mailchimp,user-2730@example.com
user-2731,push,apns,apns-token-2731
user-2732,push,fcm,fcm-token-2732
user-2733,sms,twilio,+5491100002733
user-2734,email,mailchimp,user-2734@example.com
user-2735,push,apns,apns-token-2735
user-2736,push,fcm,fcm-token-2736
user-2737,sms,twilio,+5491100002737
user-2738,email,mailchimp,user-2738@example.com
user-2739,push,apns,apns-token-2739
user-2740,push,fcm,fcm-token-2740
user-2741,sms,twilio,+5491100002741
user-2742,email,mailchimp,user-2742@example.com
user-2743,push,apns,apns-token-2743
user-2744,push,fcm,fcm-token-2744
user-2745,sms,twilio,+5491100002745
user-2746,email,mailchimp,user-2746@example.com
user-2747,push,apns,apns-token-2747
user-2748,push,fcm,fcm-token-2748
user-2749,sms,twilio,+5491100002749
user-2750,email,mailchimp,user-2750@example.com
user-2751,push,apns,apns-token-2751
user-2752,push,fcm,fcm-token-2752
user-2753,sms,twilio,+5491100002753
user-2754,email,mailchimp,user-2754@example.com
user-2755,push,apns,apns-token-2755
user-2756,push,fcm,fcm-token-2756
user-2757,sms,twilio,+5491100002757
user-2758,email,mailchimp,user-2758@example.com
user-2759,push,apns,apns-token-2759
user-2760,push,fcm,fcm-token-2760
user-2761,sms,twilio,+5491100002761
user-2762,email,mailchimp,user-2762@example.com
user-2763,push,apns,apns-token-2763
user-2764,push,fcm,fcm-token-2764
user-2765,sms,twilio,+5491100002765
user-2766,email,mailchimp,user-2766@example.com
user-2767,push,apns,apns-token-2767
user-2768,push,fcm,fcm-token-2768
user-2769,sms,twilio,+5491100002769
user-2770,email,mailchimp,user-2770@example.com
user-2771,push,apns,apns-token-2771
user-2772,push,fcm,fcm-token-2772
user-2773,sms,twilio,+5491100002773
user-2774,email,mailchimp,user-2774@example.com
user-2775,push,apns,apns-token-2775
user-2776,push,fcm,fcm-token-2776
user-2777,sms,twilio,+5491100002777
user-2778,email,mailchimp,user-2778@example.com
user-2779,push,apns,apns-token-2779
user-2780,push,fcm,fcm-token-2780
user-2781,sms,twilio,+5491100002781
user-2782,email,mailchimp,user-2782@example.com
user-2783,push,apns,apns-token-2783
user-2784,push,fcm,fcm-token-2784
user-2785,sms,twilio,+5491100002785
user-2786,email,mailchimp,user-2786@example.com
user-2787,push,apns,apns-token-2787
user-2788,push,fcm,fcm-token-2788
user-2789,sms,twilio,+5491100002789
user-2790,email,mailchimp,user-2790@example.com
user-2791,push,apns,apns-token-2791
user-2792,push,fcm,fcm-token-2792
user-2793,sms,twilio,+5491100002793
user-2794,email,mailchimp,user-2794@example.com
user-2795,push,apns,apns-token-2795
user-2796,push,fcm,fcm-token-2796
user-2797,sms,twilio,+5491100002797
user-2798,email,mailchimp,user-2798@example.com
user-2799,push,apns,apns-token-2799
user-2800,push,fcm,fcm-token-2800
user-2801,sms,twilio,+5491100002801
user-2802,email,mailchimp,user-2802@example.com
user-2803,push,apns,apns-token-2803
user-2804,push,fcm,fcm-token-2804
user-2805,sms,twilio,+5491100002805
user-2806,email,mailchimp,user-2806@example.com
user-2807,push,apns,apns-token-2807
user-2808,push,fcm,fcm-token-2808
user-2809,sms,twilio,+5491100002809
user-2810,email,mailchimp,user-2810@example.com
user-2811,push,apns,apns-token-2811
user-2812,push,fcm,fcm-token-2812
user-2813,sms,twilio,+5491100002813
user-2814,email,mailchimp,user-2814@example.com
user-2815,push,apns,apns-token-2815
user-2816,push,fcm,fcm-token-2816
user-2817,sms,twilio,+5491100002817
user-2818,email,mailchimp,user-2818@example.com
user-2819,push,apns,apns-token-2819
user-2820,push,fcm,fcm-token-2820
user-2821,sms,twilio,+5491100002821
user-2822,email,mailchimp,user-2822@example.com
user-2823,push,apns,apns-token-2823
user-2824,push,fcm,fcm-token-2824
user-2825,sms,twilio,+5491100002825
user-2826,email,mailchimp,user-2826@example.com
user-2827,push,apns,apns-token-2827
user-2828,push,fcm,fcm-token-2828
user-2829,sms,twilio,+5491100002829
user-2830,email,mailchimp,user-2830@example.com
user-2831,push,apns,apns-token-2831
user-2832,push,fcm,fcm-token-2832
user-2833,sms,twilio,+5491100002833
user-2834,email,mailchimp,user-2834@example.com
user-2835,push,apns,apns-token-2835
user-2836,push,fcm,fcm-token-2836
user-2837,sms,twilio,+5491100002837
user-2838,email,mailchimp,user-2838@example.com
user-2839,push,apns,apns-token-2839
user-2840,push,fcm,fcm-token-2840
user-2841,sms,twilio,+5491100002841
user-2842,email,mailchimp,user-2842@example.com
user-2843,push,apns,apns-token-2843
user-2844,push,fcm,fcm-token-2844
user-2845,sms,twilio,+5491100002845
user-2846,email,mailchimp,user-2846@example.com
user-2847,push,apns,apns-token-2847
user-2848,push,fcm,fcm-token-2848
user-2849,sms,twilio,+5491100002849
user-2850,email,mailchimp,user-2850@example.com
user-2851,push,apns,apns-token-2851
user-2852,push,fcm,fcm-token-2852
user-2853,sms,twilio,+5491100002853
user-2854,email,mailchimp,user-2854@example.com
user-2855,push,apns,apns-token-2855
user-2856,push,fcm,fcm-token-2856
user-2857,sms,twilio,+5491100002857
user-2858,email,mailchimp,user-2858@example.com
user-2859,push,apns,apns-token-2859
user-2860,push,fcm,fcm-token-2860
user-2861,sms,twilio,+5491100002861
user-2862,email,mailchimp,user-2862@example.com
user-2863,push,apns,apns-token-2863
user-2864,push,fcm,fcm-token-2864
user-2865,sms,twilio,+5491100002865
user-2866,email,mailchimp,user-2866@example.com
user-2867,push,apns,apns-token-2867
user-2868,push,fcm,fcm-token-2868
user-2869,sms,twilio,+5491100002869
user-2870,email,mailchimp,user-2870@example.com
user-2871,push,apns,apns-token-2871
user-2872,push,fcm,fcm-token-2872
user-2873,sms,twilio,+5491100002873
user-2874,email,mailchimp,user-2874@example.com
user-2875,push,apns,apns-token-2875
user-2876,push,fcm,fcm-token-2876
user-2877,sms,twilio,+5491100002877
user-2878,email,mailchimp,user-2878@example.com
user-2879,push,apns,apns-token-2879
user-2880,push,fcm,fcm-token-2880
user-2881,sms,twilio,+5491100002881
user-2882,email,mailchimp,user-2882@example.com
user-2883,push,apns,apns-token-2883
user-2884,push,fcm,fcm-token-2884
user-2885,sms,twilio,+5491100002885
user-2886,email,mailchimp,user-2886@example.com
user-2887,push,apns,apns-token-2887
user-2888,push,fcm,fcm-token-2888
user-2889,sms,twilio,+5491100002889
user-2890,email,mailchimp,user-2890@example.com
user-2891,push,apns,apns-token-2891
user-2892,push,fcm,fcm-token-2892
user-2893,sms,twilio,+5491100002893
user-2894,email,mailchimp,user-2894@example.com
user-2895,push,apns,apns-token-2895
user-2896,push,fcm,fcm-token-2896
user-2897,sms,twilio,+5491100002897
user-2898,email,mailchimp,user-2898@example.com
user-2899,push,apns,apns-token-2899
user-2900,push,fcm,fcm-token-2900
user-2901,sms,twilio,+5491100002901
user-2902,email,mailchimp,user-2902@example.com
user-2903,push,apns,apns-token-2903
user-2904,push,fcm,fcm-token-2904
user-2905,sms,twilio,+5491100002905
user-2906,email,mailchimp,user-2906@example.com
user-2907,push,apns,apns-token-2907
user-2908,push,fcm,fcm-token-2908
user-2909,sms,twilio,+5491100002909
user-2910,email,mailchimp,user-2910@example.com
user-2911,push,apns,apns-token-2911
user-2912,push,fcm,fcm-token-2912
user-2913,sms,twilio,+5491100002913
user-2914,email,mailchimp,user-2914@example.com
user-2915,push,apns,apns-token-2915
user-2916,push,fcm,fcm-token-2916
user-2917,sms,twilio,+5491100002917
user-2918,email,mailchimp,user-2918@example.com
user-2919,push,apns,apns-token-2919
user-2920,push,fcm,fcm-token-2920
user-2921,sms,twilio,+5491100002921
user-2922,email,mailchimp,user-2922@example.com
user-2923,push,apns,apns-token-2923
user-2924,push,fcm,fcm-token-2924
user-2925,sms,twilio,+5491100002925
user-2926,email,mailchimp,user-2926@example.com
user-2927,push,apns,apns-token-2927
user-2928,push,fcm,fcm-token-2928
user-2929,sms,twilio,+5491100002929
user-2930,email,mailchimp,user-2930@example.com
user-2931,push,apns,apns-token-2931
user-2932,push,fcm,fcm-token-2932
user-2933,sms,twilio,+5491100002933
user-2934,email,mailchimp,user-2934@example.com
user-2935,push,apns,apns-token-2935
user-2936,push,fcm,fcm-token-2936
user-2937,sms,twilio,+5491100002937
user-2938,email,mailchimp,user-2938@example.com
user-2939,push,apns,apns-token-2939
user-2940,push,fcm,fcm-token-2940
user-2941,sms,twilio,+5491100002941
user-2942,email,mailchimp,user-2942@example.com
user-2943,push,apns,apns-token-2943
user-2944,push,fcm,fcm-token-2944
user-2945,sms,twilio,+5491100002945
user-2946,email,mailchimp,user-2946@example.com
user-2947,push,apns,apns-token-2947
user-2948,push,fcm,fcm-token-2948
user-2949,sms,twilio,+5491100002949
user-2950,email,mailchimp,user-2950@example.com
user-2951,push,apns,apns-token-2951
user-2952,push,fcm,fcm-token-2952
user-2953,sms,twilio,+5491100002953
user-2954,email,mailchimp,user-2954@example.com
user-2955,push,apns,apns-token-2955
user-2956,push,fcm,fcm-token-2956
user-2957,sms,twilio,+5491100002957
user-2958,email,mailchimp,user-2958@example.com
user-2959,push,apns,apns-token-2959
user-2960,push,fcm,fcm-token-2960
user-2961,sms,twilio,+5491100002961
user-2962,email,mailchimp,user-2962@example.com
user-2963,push,apns,apns-token-2963
user-2964,push,fcm,fcm-token-2964
user-2965,sms,twilio,+5491100002965
user-2966,email,mailchimp,user-2966@example.com
user-2967,push,apns,apns-token-2967
user-2968,push,fcm,fcm-token-2968
user-2969,sms,twilio,+5491100002969
user-2970,email,mailchimp,user-2970@example.com
user-2971,push,apns,apns-token-2971
user-2972,push,fcm,fcm-token-2972
user-2973,sms,twilio,+5491100002973
user-2974,email,mailchimp,user-2974@example.com
user-2975,push,apns,apns-token-2975
user-2976,push,fcm,fcm-token-2976
user-2977,sms,twilio,+5491100002977
user-2978,email,mailchimp,user-2978@example.com
user-2979,push,apns,apns-token-2979
user-2980,push,fcm,fcm-token-2980
user-2981,sms,twilio,+5491100002981
user-2982,email,mailchimp,user-2982@example.com
user-2983,push,apns,apns-token-2983
user-2984,push,fcm,fcm-token-2984
user-2985,sms,twilio,+5491100002985
user-2986,email,mailchimp,user-2986@example.com
user-2987,push,apns,apns-token-2987
user-2988,push,fcm,fcm-token-2988
user-2989,sms,twilio,+5491100002989
user-2990,email,mailchimp,user-2990@example.com
user-2991,push,apns,apns-token-2991
user-2992,push,fcm,fcm-token-2992
user-2993,sms,twilio,+5491100002993
user-2994,email,mailchimp,user-2994@example.com
user-2995,push,apns,apns-token-2995
user-2996,push,fcm,fcm-token-2996
user-2997,sms,twilio,+5491100002997
user-2998,email,mailchimp,user-2998@example.com
user-2999,push,apns,apns-token-2999
user-3000,push,fcm,fcm-token-3000
user-3001,sms,twilio,+5491100003001
user-3002,email,mailchimp,user-3002@example.com
user-3003,push,apns,apns-token-3003
user-3004,push,fcm,fcm-token-3004
user-3005,sms,twilio,+5491100003005
user-3006,email,mailchimp,user-3006@example.com
user-3007,push,apns,apns-token-3007
user-3008,push,fcm,fcm-token-3008
user-3009,sms,twilio,+5491100003009
user-3010,email,mailchimp,user-3010@example.com
user-3011,push,apns,apns-token-3011
user-3012,push,fcm,fcm-token-3012
user-3013,sms,twilio,+5491100003013
user-3014,email,mailchimp,user-3014@example.com
user-3015,push,apns,apns-token-3015
user-3016,push,fcm,fcm-token-3016
user-3017,sms,twilio,+5491100003017
user-3018,email,mailchimp,user-3018@example.com
user-3019,push,apns,apns-token-3019
user-3020,push,fcm,fcm-token-3020
user-3021,sms,twilio,+5491100003021
user-3022,email,mailchimp,user-3022@example.com
user-3023,push,apns,apns-token-3023
user-3024,push,fcm,fcm-token-3024
user-3025,sms,twilio,+5491100003025
user-3026,email,mailchimp,user-3026@example.com
user-3027,push,apns,apns-token-3027
user-3028,push,fcm,fcm-token-3028
user-3029,sms,twilio,+5491100003029
user-3030,email,mailchimp,user-3030@example.com
user-3031,push,apns,apns-token-3031
user-3032,push,fcm,fcm-token-3032
user-3033,sms,twilio,+5491100003033
user-3034,email,mailchimp,user-3034@example.com
user-3035,push,apns,apns-token-3035
user-3036,push,fcm,fcm-token-3036
user-3037,sms,twilio,+5491100003037
user-3038,email,mailchimp,user-3038@example.com
user-3039,push,apns,apns-token-3039
user-3040,push,fcm,fcm-token-3040
user-3041,sms,twilio,+5491100003041
user-3042,email,mailchimp,user-3042@example.com
user-3043,push,apns,apns-token-3043
user-3044,push,fcm,fcm-token-3044
user-3045,sms,twilio,+5491100003045
user-3046,email,mailchimp,user-3046@example.com
user-3047,push,apns,apns-token-3047
user-3048,push,fcm,fcm-token-3048
user-3049,sms,twilio,+5491100003049
user-3050,email,mailchimp,user-3050@example.com
user-3051,push,apns,apns-token-3051
user-3052,push,fcm,fcm-token-3052
user-3053,sms,twilio,+5491100003053
user-3054,email,mailchimp,user-3054@example.com
user-3055,push,apns,apns-token-3055
user-3056,push,fcm,fcm-token-3056
user-3057,sms,twilio,+5491100003057
user-3058,email,mailchimp,user-3058@example.com
user-3059,push,apns,apns-token-3059
user-3060,push,fcm,fcm-token-3060
user-3061,sms,twilio,+5491100003061
user-3062,email,mailchimp,user-3062@example.com
user-3063,push,apns,apns-token-3063
user-3064,push,fcm,fcm-token-3064
user-3065,sms,twilio,+5491100003065
user-3066,email,mailchimp,user-3066@example.com
user-3067,push,apns,apns-token-3067
user-3068,push,fcm,fcm-token-3068
user-3069,sms,twilio,+5491100003069
user-3070,email,mailchimp,user-3070@example.com
user-3071,push,apns,apns-token-3071
user-3072,push,fcm,fcm-token-3072
user-3073,sms,twilio,+5491100003073
user-3074,email,mailchimp,user-3074@example.com
user-3075,push,apns,apns-token-3075
user-3076,push,fcm,fcm-token-3076
user-3077,sms,twilio,+5491100003077
user-3078,email,mailchimp,user-3078@example.com
user-3079,push,apns,apns-token-3079
user-3080,push,fcm,fcm-token-3080
user-3081,sms,twilio,+5491100003081
user-3082,email,mailchimp,user-3082@example.com
user-3083,push,apns,apns-token-3083
user-3084,push,fcm,fcm-token-3084
user-3085,sms,twilio,+5491100003085
user-3086,email,mailchimp,user-3086@example.com
user-3087,push,apns,apns-token-3087
user-3088,push,fcm,fcm-token-3088
user-3089,sms,twilio,+5491100003089
user-3090,email,mailchimp,user-3090@example.com
user-3091,push,apns,apns-token-3091
user-3092,push,fcm,fcm-token-3092
user-3093,sms,twilio,+5491100003093
user-3094,email,mailchimp,user-3094@example.com
user-3095,push,apns,apns-token-3095
user-3096,push,fcm,fcm-token-3096
user-3097,sms,twilio,+5491100003097
user-3098,email,mailchimp,user-3098@example.com
user-3099,push,apns,apns-token-3099
user-3100,push,fcm,fcm-token-3100
user-3101,sms,twilio,+5491100003101
user-3102,email,mailchimp,user-3102@example.com
user-3103,push,apns,apns-token-3103
user-3104,push,fcm,fcm-token-3104
user-3105,sms,twilio,+5491100003105
user-3106,email,mailchimp,user-3106@example.com
user-3107,push,apns,apns-token-3107
user-3108,push,fcm,fcm-token-3108
user-3109,sms,twilio,+5491100003109
user-3110,email,mailchimp,user-3110@example.com
user-3111,push,apns,apns-token-3111
user-3112,push,fcm,fcm-token-3112
user-3113,sms,twilio,+5491100003113
user-3114,email,mailchimp,user-3114@example.com
user-3115,push,apns,apns-token-3115
user-3116,push,fcm,fcm-token-3116
user-3117,sms,twilio,+5491100003117
user-3118,email,mailchimp,user-3118@example.com
user-3119,push,apns,apns-token-3119
user-3120,push,fcm,fcm-token-3120
user-3121,sms,twilio,+5491100003121
user-3122,email,mailchimp,user-3122@example.com
user-3123,push,apns,apns-token-3123
user-3124,push,fcm,fcm-token-3124
user-3125,sms,twilio,+5491100003125
user-3126,email,mailchimp,user-3126@example.com
user-3127,push,apns,apns-token-3127
user-3128,push,fcm,fcm-token-3128
user-3129,sms,twilio,+5491100003129
user-3130,email,mailchimp,user-3130@example.com
user-3131,push,apns,apns-token-3131
user-3132,push,fcm,fcm-token-3132
user-3133,sms,twilio,+5491100003133
user-3134,email,mailchimp,user-3134@example.com
user-3135,push,apns,apns-token-3135
user-3136,push,fcm,fcm-token-3136
user-3137,sms,twilio,+5491100003137
user-3138,email,mailchimp,user-3138@example.com
user-3139,push,apns,apns-token-3139
user-3140,push,fcm,fcm-token-3140
user-3141,sms,twilio,+5491100003141
user-3142,email,mailchimp,user-3142@example.com
user-3143,push,apns,apns-token-3143
user-3144,push,fcm,fcm-token-3144
user-3145,sms,twilio,+5491100003145
user-3146,email,mailchimp,user-3146@example.com
user-3147,push,apns,apns-token-3147
user-3148,push,fcm,fcm-token-3148
user-3149,sms,twilio,+5491100003149
user-3150,email,mailchimp,user-3150@example.com
user-3151,push,apns,apns-token-3151
user-3152,push,fcm,fcm-token-3152
user-3153,sms,twilio,+5491100003153
user-3154,email,mailchimp,user-3154@example.com
user-3155,push,apns,apns-token-3155
user-3156,push,fcm,fcm-token-3156
user-3157,sms,twilio,+5491100003157
user-3158,email,mailchimp,user-3158@example.com
user-3159,push,apns,apns-token-3159
user-3160,push,fcm,fcm-token-3160
user-3161,sms,twilio,+5491100003161
user-3162,email,mailchimp,user-3162@example.com
user-3163,push,apns,apns-token-3163
user-3164,push,fcm,fcm-token-3164
user-3165,sms,twilio,+5491100003165
user-3166,email,mailchimp,user-3166@example.com
user-3167,push,apns,apns-token-3167
user-3168,push,fcm,fcm-token-3168
user-3169,sms,twilio,+5491100003169
user-3170,email,mailchimp,user-3170@example.com
user-3171,push,apns,apns-token-3171
user-3172,push,fcm,fcm-token-3172
user-3173,sms,twilio,+5491100003173
user-3174,email,mailchimp,user-3174@example.com
user-3175,push,apns,apns-token-3175
user-3176,push,fcm,fcm-token-3176
user-3177,sms,twilio,+5491100003177
user-3178,email,mailchimp,user-3178@example.com
user-3179,push,apns,apns-token-3179
user-3180,push,fcm,fcm-token-3180
user-3181,sms,twilio,+5491100003181
user-3182,email,mailchimp,user-3182@example.com
user-3183,push,apns,apns-token-3183
user-3184,push,fcm,fcm-token-3184
user-3185,sms,twilio,+5491100003185
user-3186,email,mailchimp,user-3186@example.com
user-3187,push,apns,apns-token-3187
user-3188,push,fcm,fcm-token-3188
user-3189,sms,twilio,+5491100003189
user-3190,email,mailchimp,user-3190@example.com
user-3191,push,apns,apns-token-3191
user-3192,push,fcm,fcm-token-3192
user-3193,sms,twilio,+5491100003193
user-3194,email,mailchimp,user-3194@example.com
user-3195,push,apns,apns-token-3195
user-3196,push,fcm,fcm-token-3196
user-3197,sms,twilio,+5491100003197
user-3198,email,mailchimp,user-3198@example.com
user-3199,push,apns,apns-token-3199
user-3200,push,fcm,fcm-token-3200
user-3201,sms,twilio,+5491100003201
user-3202,email,mailchimp,user-3202@example.com
user-3203,push,apns,apns-token-3203
user-3204,push,fcm,fcm-token-3204
user-3205,sms,twilio,+5491100003205
user-3206,email,mailchimp,user-3206@example.com
user-3207,push,apns,apns-token-3207
user-3208,push,fcm,fcm-token-3208
user-3209,sms,twilio,+5491100003209
user-3210,email,mailchimp,user-3210@example.com
user-3211,push,apns,apns-token-3211
user-3212,push,fcm,fcm-token-3212
user-3213,sms,twilio,+5491100003213
user-3214,email,mailchimp,user-3214@example.com
user-3215,push,apns,apns-token-3215
user-3216,push,fcm,fcm-token-3216
user-3217,sms,twilio,+5491100003217
user-3218,email,mailchimp,user-3218@example.com
user-3219,push,apns,apns-token-3219
user-3220,push,fcm,fcm-token-3220
user-3221,sms,twilio,+5491100003221
user-3222,email,mailchimp,user-3222@example.com
user-3223,push,apns,apns-token-3223
user-3224,push,fcm,fcm-token-3224
user-3225,sms,twilio,+5491100003225
user-3226,email,mailchimp,user-3226@example.com
user-3227,push,apns,apns-token-3227
user-3228,push,fcm,fcm-token-3228
user-3229,sms,twilio,+5491100003229
user-3230,email,mailchimp,user-3230@example.com
user-3231,push,apns,apns-token-3231
user-3232,push,fcm,fcm-token-3232
user-3233,sms,twilio,+5491100003233
user-3234,email,mailchimp,user-3234@example.com
user-3235,push,apns,apns-token-3235
user-3236,push,fcm,fcm-token-3236
user-3237,sms,twilio,+5491100003237
user-3238,email,mailchimp,user-3238@example.com
user-3239,push,apns,apns-token-3239
user-3240,push,fcm,fcm-token-3240
user-3241,sms,twilio,+5491100003241
user-3242,email,mailchimp,user-3242@example.com
user-3243,push,apns,apns-token-3243
user-3244,push,fcm,fcm-token-3244
user-3245,sms,twilio,+5491100003245
user-3246,email,mailchimp,user-3246@example.com
user-3247,push,apns,apns-token-3247
user-3248,push,fcm,fcm-token-3248
user-3249,sms,twilio,+5491100003249
user-3250,email,mailchimp,user-3250@example.com
user-3251,push,apns,apns-token-3251
user-3252,push,fcm,fcm-token-3252
user-3253,sms,twilio,+5491100003253
user-3254,email,mailchimp,user-3254@example.com
user-3255,push,apns,apns-token-3255
user-3256,push,fcm,fcm-token-3256
user-3257,sms,twilio,+5491100003257
user-3258,email,mailchimp,user-3258@example.com
user-3259,push,apns,apns-token-3259
user-3260,push,fcm,fcm-token-3260
user-3261,sms,twilio,+5491100003261
user-3262,email,mailchimp,user-3262@example.com
user-3263,push,apns,apns-token-3263
user-3264,push,fcm,fcm-token-3264
user-3265,sms,twilio,+5491100003265
user-3266,email,mailchimp,user-3266@example.com
user-3267,push,apns,apns-token-3267
user-3268,push,fcm,fcm-token-3268
user-3269,sms,twilio,+5491100003269
user-3270,email,mailchimp,user-3270@example.com
user-3271,push,apns,apns-token-3271
user-3272,push,fcm,fcm-token-3272
user-3273,sms,twilio,+5491100003273
user-3274,email,mailchimp,user-3274@example.com
user-3275,push,apns,apns-token-3275
user-3276,push,fcm,fcm-token-3276
user-3277,sms,twilio,+5491100003277
user-3278,email,mailchimp,user-3278@example.com
user-3279,push,apns,apns-token-3279
user-3280,push,fcm,fcm-token-3280
user-3281,sms,twilio,+5491100003281
user-3282,email,mailchimp,user-3282@example.com
user-3283,push,apns,apns-token-3283
user-3284,push,fcm,fcm-token-3284
user-3285,sms,twilio,+5491100003285
user-3286,email,mailchimp,user-3286@example.com
user-3287,push,apns,apns-token-3287
user-3288,push,fcm,fcm-token-3288
user-3289,sms,twilio,+5491100003289
user-3290,email,mailchimp,user-3290@example.com
user-3291,push,apns,apns-token-3291
user-3292,push,fcm,fcm-token-3292
user-3293,sms,twilio,+5491100003293
user-3294,email,mailchimp,user-3294@example.com
user-3295,push,apns,apns-token-3295
user-3296,push,fcm,fcm-token-3296
user-3297,sms,twilio,+5491100003297
user-3298,email,mailchimp,user-3298@example.com
user-3299,push,apns,apns-token-3299
user-3300,push,fcm,fcm-token-3300
user-3301,sms,twilio,+5491100003301
user-3302,email,mailchimp,user-3302@example.com
user-3303,push,apns,apns-token-3303
user-3304,push,fcm,fcm-token-3304
user-3305,sms,twilio,+5491100003305
user-3306,email,mailchimp,user-3306@example.com
user-3307,push,apns,apns-token-3307
user-3308,push,fcm,fcm-token-3308
user-3309,sms,twilio,+5491100003309
user-3310,email,mailchimp,user-3310@example.com
user-3311,push,apns,apns-token-3311
user-3312,push,fcm,fcm-token-3312
user-3313,sms,twilio,+5491100003313
user-3314,email,mailchimp,user-3314@example.com
user-3315,push,apns,apns-token-3315
user-3316,push,fcm,fcm-token-3316
user-3317,sms,twilio,+5491100003317
user-3318,email,mailchimp,user-3318@example.com
user-3319,push,apns,apns-token-3319
user-3320,push,fcm,fcm-token-3320
user-3321,sms,twilio,+5491100003321
user-3322,email,mailchimp,user-3322@example.com
user-3323,push,apns,apns-token-3323
user-3324,push,fcm,fcm-token-3324
user-3325,sms,twilio,+5491100003325
user-3326,email,mailchimp,user-3326@example.com
user-3327,push,apns,apns-token-3327
user-3328,push,fcm,fcm-token-3328
user-3329,sms,twilio,+5491100003329
user-3330,email,mailchimp,user-3330@example.com
user-3331,push,apns,apns-token-3331
user-3332,push,fcm,fcm-token-3332
user-3333,sms,twilio,+5491100003333
user-3334,email,mailchimp,user-3334@example.com
user-3335,push,apns,apns-token-3335
user-3336,push,fcm,fcm-token-3336
user-3337,sms,twilio,+5491100003337
user-3338,email,mailchimp,user-3338@example.com
user-3339,push,apns,apns-token-3339
user-3340,push,fcm,fcm-token-3340
user-3341,sms,twilio,+5491100003341
user-3342,email,mailchimp,user-3342@example.com
user-3343,push,apns,apns-token-3343
user-3344,push,fcm,fcm-token-3344
user-3345,sms,twilio,+5491100003345
user-3346,email,mailchimp,user-3346@example.com
user-3347,push,apns,apns-token-3347
user-3348,push,fcm,fcm-token-3348
user-3349,sms,twilio,+5491100003349
user-3350,email,mailchimp,user-3350@example.com
user-3351,push,apns,apns-token-3351
user-3352,push,fcm,fcm-token-3352
user-3353,sms,twilio,+5491100003353
user-3354,email,mailchimp,user-3354@example.com
user-3355,push,apns,apns-token-3355
user-3356,push,fcm,fcm-token-3356
user-3357,sms,twilio,+5491100003357
user-3358,email,mailchimp,user-3358@example.com
user-3359,push,apns,apns-token-3359
user-3360,push,fcm,fcm-token-3360
user-3361,sms,twilio,+5491100003361
user-3362,email,mailchimp,user-3362@example.com
user-3363,push,apns,apns-token-3363
user-3364,push,fcm,fcm-token-3364
user-3365,sms,twilio,+5491100003365
user-3366,email,mailchimp,user-3366@example.com
user-3367,push,apns,apns-token-3367
user-3368,push,fcm,fcm-token-3368
user-3369,sms,twilio,+5491100003369
user-3370,email,mailchimp,user-3370@example.com
user-3371,push,apns,apns-token-3371
user-3372,push,fcm,fcm-token-3372
user-3373,sms,twilio,+5491100003373
user-3374,email,mailchimp,user-3374@example.com
user-3375,push,apns,apns-token-3375
user-3376,push,fcm,fcm-token-3376
user-3377,sms,twilio,+5491100003377
user-3378,email,mailchimp,user-3378@example.com
user-3379,push,apns,apns-token-3379
user-3380,push,fcm,fcm-token-3380
user-3381,sms,twilio,+5491100003381
user-3382,email,mailchimp,user-3382@example.com
user-3383,push,apns,apns-token-3383
user-3384,push,fcm,fcm-token-3384
user-3385,sms,twilio,+5491100003385
user-3386,email,mailchimp,user-3386@example.com
user-3387,push,apns,apns-token-3387
user-3388,push,fcm,fcm-token-3388
user-3389,sms,twilio,+5491100003389
user-3390,email,mailchimp,user-3390@example.com
user-3391,push,apns,apns-token-3391
user-3392,push,fcm,fcm-token-3392
user-3393,sms,twilio,+5491100003393
user-3394,email,mailchimp,user-3394@example.com
user-3395,push,apns,apns-token-3395
user-3396,push,fcm,fcm-token-3396
user-3397,sms,twilio,+5491100003397
user-3398,email,mailchimp,user-3398@example.com
user-3399,push,apns,apns-token-3399
user-3400,push,fcm,fcm-token-3400
user-3401,sms,twilio,+5491100003401
user-3402,email,mailchimp,user-3402@example.com
user-3403,push,apns,apns-token-3403
user-3404,push,fcm,fcm-token-3404
user-3405,sms,twilio,+5491100003405
user-3406,email,mailchimp,user-3406@example.com
user-3407,push,apns,apns-token-3407
user-3408,push,fcm,fcm-token-3408
user-3409,sms,twilio,+5491100003409
user-3410,email,mailchimp,user-3410@example.com
user-3411,push,apns,apns-token-3411
user-3412,push,fcm,fcm-token-3412
user-3413,sms,twilio,+5491100003413
user-3414,email,mailchimp,user-3414@example.com
user-3415,push,apns,apns-token-3415
user-3416,push,fcm,fcm-token-3416
user-3417,sms,twilio,+5491100003417
user-3418,email,mailchimp,user-3418@example.com
user-3419,push,apns,apns-token-3419
user-3420,push,fcm,fcm-token-3420
user-3421,sms,twilio,+5491100003421
user-3422,email,mailchimp,user-3422@example.com
user-3423,push,apns,apns-token-3423
user-3424,push,fcm,fcm-token-3424
user-3425,sms,twilio,+5491100003425
user-3426,email,mailchimp,user-3426@example.com
user-3427,push,apns,apns-token-3427
user-3428,push,fcm,fcm-token-3428
user-3429,sms,twilio,+5491100003429
user-3430,email,mailchimp,user-3430@example.com
user-3431,push,apns,apns-token-3431
user-3432,push,fcm,fcm-token-3432
user-3433,sms,twilio,+5491100003433
user-3434,email,mailchimp,user-3434@example.com
user-3435,push,apns,apns-token-3435
user-3436,push,fcm,fcm-token-3436
user-3437,sms,twilio,+5491100003437
user-3438,email,mailchimp,user-3438@example.com
user-3439,push,apns,apns-token-3439
user-3440,push,fcm,fcm-token-3440
user-3441,sms,twilio,+5491100003441
user-3442,email,mailchimp,user-3442@example.com
user-3443,push,apns,apns-token-3443
user-3444,push,fcm,fcm-token-3444
user-3445,sms,twilio,+5491100003445
user-3446,email,mailchimp,user-3446@example.com
user-3447,push,apns,apns-token-3447
user-3448,push,fcm,fcm-token-3448
user-3449,sms,twilio,+5491100003449
user-3450,email,mailchimp,user-3450@example.com
user-3451,push,apns,apns-token-3451
user-3452,push,fcm,fcm-token-3452
user-3453,sms,twilio,+5491100003453
user-3454,email,mailchimp,user-3454@example.com
user-3455,push,apns,apns-token-3455
user-3456,push,fcm,fcm-token-3456
user-3457,sms,twilio,+5491100003457
user-3458,email,mailchimp,user-3458@example.com
user-3459,push,apns,apns-token-3459
user-3460,push,fcm,fcm-token-3460
user-3461,sms,twilio,+5491100003461
user-3462,email,mailchimp,user-3462@example.com
user-3463,push,apns,apns-token-3463
user-3464,push,fcm,fcm-token-3464
user-3465,sms,twilio,+5491100003465
user-3466,email,mailchimp,user-3466@example.com
user-3467,push,apns,apns-token-3467
user-3468,push,fcm,fcm-token-3468
user-3469,sms,twilio,+5491100003469
user-3470,email,mailchimp,user-3470@example.com
user-3471,push,apns,apns-token-3471
user-3472,push,fcm,fcm-token-3472
user-3473,sms,twilio,+5491100003473
user-3474,email,mailchimp,user-3474@example.com
user-3475,push,apns,apns-token-3475
user-3476,push,fcm,fcm-token-3476
user-3477,sms,twilio,+5491100003477
user-3478,email,mailchimp,user-3478@example.com
user-3479,push,apns,apns-token-3479
user-3480,push,fcm,fcm-token-3480
user-3481,sms,twilio,+5491100003481
user-3482,email,mailchimp,user-3482@example.com
user-3483,push,apns,apns-token-3483
user-3484,push,fcm,fcm-token-3484
user-3485,sms,twilio,+5491100003485
user-3486,email,mailchimp,user-3486@example.com
user-3487,push,apns,apns-token-3487
user-3488,push,fcm,fcm-token-3488
user-3489,sms,twilio,+5491100003489
user-3490,email,mailchimp,user-3490@example.com
user-3491,push,apns,apns-token-3491
user-3492,push,fcm,fcm-token-3492
user-3493,sms,twilio,+5491100003493
user-3494,email,mailchimp,user-3494@example.com
user-3495,push,apns,apns-token-3495
user-3496,push,fcm,fcm-token-3496
user-3497,sms,twilio,+5491100003497
user-3498,email,mailchimp,user-3498@example.com
user-3499,push,apns,apns-token-3499
user-3500,push,fcm,fcm-token-3500
user-3501,sms,twilio,+5491100003501
user-3502,email,mailchimp,user-3502@example.com
user-3503,push,apns,apns-token-3503
user-3504,push,fcm,fcm-token-3504
user-3505,sms,twilio,+5491100003505
user-3506,email,mailchimp,user-3506@example.com
user-3507,push,apns,apns-token-3507
user-3508,push,fcm,fcm-token-3508
user-3509,sms,twilio,+5491100003509
user-3510,email,mailchimp,user-3510@example.com
user-3511,push,apns,apns-token-3511
user-3512,push,fcm,fcm-token-3512
user-3513,sms,twilio,+5491100003513
user-3514,email,mailchimp,user-3514@example.com
user-3515,push,apns,apns-token-3515
user-3516,push,fcm,fcm-token-3516
user-3517,sms,twilio,+5491100003517
user-3518,email,mailchimp,user-3518@example.com
user-3519,push,apns,apns-token-3519
user-3520,push,fcm,fcm-token-3520
user-3521,sms,twilio,+5491100003521
user-3522,email,mailchimp,user-3522@example.com
user-3523,push,apns,apns-token-3523
user-3524,push,fcm,fcm-token-3524
user-3525,sms,twilio,+5491100003525
user-3526,email,mailchimp,user-3526@example.com
user-3527,push,apns,apns-token-3527
user-3528,push,fcm,fcm-token-3528
user-3529,sms,twilio,+5491100003529
user-3530,email,mailchimp,user-3530@example.com
user-3531,push,apns,apns-token-3531
user-3532,push,fcm,fcm-token-3532
user-3533,sms,twilio,+5491100003533
user-3534,email,mailchimp,user-3534@example.com
user-3535,push,apns,apns-token-3535
user-3536,push,fcm,fcm-token-3536
user-3537,sms,twilio,+5491100003537
user-3538,email,mailchimp,user-3538@example.com
user-3539,push,apns,apns-token-3539
user-3540,push,fcm,fcm-token-3540
user-3541,sms,twilio,+5491100003541
user-3542,email,mailchimp,user-3542@example.com
user-3543,push,apns,apns-token-3543
user-3544,push,fcm,fcm-token-3544
user-3545,sms,twilio,+5491100003545
user-3546,email,mailchimp,user-3546@example.com
user-3547,push,apns,apns-token-3547
user-3548,push,fcm,fcm-token-3548
user-3549,sms,twilio,+5491100003549
user-3550,email,mailchimp,user-3550@example.com
user-3551,push,apns,apns-token-3551
user-3552,push,fcm,fcm-token-3552
user-3553,sms,twilio,+5491100003553
user-3554,email,mailchimp,user-3554@example.com
user-3555,push,apns,apns-token-3555
user-3556,push,fcm,fcm-token-3556
user-3557,sms,twilio,+5491100003557
user-3558,email,mailchimp,user-3558@example.com
user-3559,push,apns,apns-token-3559
user-3560,push,fcm,fcm-token-3560
user-3561,sms,twilio,+5491100003561
user-3562,email,mailchimp,user-3562@example.com
user-3563,push,apns,apns-token-3563
user-3564,push,fcm,fcm-token-3564
user-3565,sms,twilio,+5491100003565
user-3566,email,mailchimp,user-3566@example.com
user-3567,push,apns,apns-token-3567
user-3568,push,fcm,fcm-token-3568
user-3569,sms,twilio,+5491100003569
user-3570,email,mailchimp,user-3570@example.com
user-3571,push,apns,apns-token-3571
user-3572,push,fcm,fcm-token-3572
user-3573,sms,twilio,+5491100003573
user-3574,email,mailchimp,user-3574@example.com
user-3575,push,apns,apns-token-3575
user-3576,push,fcm,fcm-token-3576
user-3577,sms,twilio,+5491100003577
user-3578,email,mailchimp,user-3578@example.com
user-3579,push,apns,apns-token-3579
user-3580,push,fcm,fcm-token-3580
user-3581,sms,twilio,+5491100003581
user-3582,email,mailchimp,user-3582@example.com
user-3583,push,apns,apns-token-3583
user-3584,push,fcm,fcm-token-3584
user-3585,sms,twilio,+5491100003585
user-3586,email,mailchimp,user-3586@example.com
user-3587,push,apns,apns-token-3587
user-3588,push,fcm,fcm-token-3588
user-3589,sms,twilio,+5491100003589
user-3590,email,mailchimp,user-3590@example.com
user-3591,push,apns,apns-token-3591
user-3592,push,fcm,fcm-token-3592
user-3593,sms,twilio,+5491100003593
user-3594,email,mailchimp,user-3594@example.com
user-3595,push,apns,apns-token-3595
user-3596,push,fcm,fcm-token-3596
user-3597,sms,twilio,+5491100003597
user-3598,email,mailchimp,user-3598@example.com
user-3599,push,apns,apns-token-3599
user-3600,push,fcm,fcm-token-3600
user-3601,sms,twilio,+5491100003601
user-3602,email,mailchimp,user-3602@example.com
user-3603,push,apns,apns-token-3603
user-3604,push,fcm,fcm-token-3604
user-3605,sms,twilio,+5491100003605
user-3606,email,mailchimp,user-3606@example.com
user-3607,push,apns,apns-token-3607
user-3608,push,fcm,fcm-token-3608
user-3609,sms,twilio,+5491100003609
user-3610,email,mailchimp,user-3610@example.com
user-3611,push,apns,apns-token-3611
user-3612,push,fcm,fcm-token-3612
user-3613,sms,twilio,+5491100003613
user-3614,email,mailchimp,user-3614@example.com
user-3615,push,apns,apns-token-3615
user-3616,push,fcm,fcm-token-3616
user-3617,sms,twilio,+5491100003617
user-3618,email,mailchimp,user-3618@example.com
user-3619,push,apns,apns-token-3619
user-3620,push,fcm,fcm-token-3620
user-3621,sms,twilio,+5491100003621
user-3622,email,mailchimp,user-3622@example.com
user-3623,push,apns,apns-token-3623
user-3624,push,fcm,fcm-token-3624
user-3625,sms,twilio,+5491100003625
user-3626,email,mailchimp,user-3626@example.com
user-3627,push,apns,apns-token-3627
user-3628,push,fcm,fcm-token-3628
user-3629,sms,twilio,+5491100003629
user-3630,email,mailchimp,user-3630@example.com
user-3631,push,apns,apns-token-3631
user-3632,push,fcm,fcm-token-3632
user-3633,sms,twilio,+5491100003633
user-3634,email,mailchimp,user-3634@example.com
user-3635,push,apns,apns-token-3635
user-3636,push,fcm,fcm-token-3636
user-3637,sms,twilio,+5491100003637
user-3638,email,mailchimp,user-3638@example.com
user-3639,push,apns,apns-token-3639
user-3640,push,fcm,fcm-token-3640
user-3641,sms,twilio,+5491100003641
user-3642,email,mailchimp,user-3642@example.com
user-3643,push,apns,apns-token-3643
user-3644,push,fcm,fcm-token-3644
user-3645,sms,twilio,+5491100003645
user-3646,email,mailchimp,user-3646@example.com
user-3647,push,apns,apns-token-3647
user-3648,push,fcm,fcm-token-3648
user-3649,sms,twilio,+5491100003649
user-3650,email,mailchimp,user-3650@example.com
user-3651,push,apns,apns-token-3651
user-3652,push,fcm,fcm-token-3652
user-3653,sms,twilio,+5491100003653
user-3654,email,mailchimp,user-3654@example.com
user-3655,push,apns,apns-token-3655
user-3656,push,fcm,fcm-token-3656
user-3657,sms,twilio,+5491100003657
user-3658,email,mailchimp,user-3658@example.com
user-3659,push,apns,apns-token-3659
user-3660,push,fcm,fcm-token-3660
user-3661,sms,twilio,+5491100003661
user-3662,email,mailchimp,user-3662@example.com
user-3663,push,apns,apns-token-3663
user-3664,push,fcm,fcm-token-3664
user-3665,sms,twilio,+5491100003665
user-3666,email,mailchimp,user-3666@example.com
user-3667,push,apns,apns-token-3667
user-3668,push,fcm,fcm-token-3668
user-3669,sms,twilio,+5491100003669
user-3670,email,mailchimp,user-3670@example.com
user-3671,push,apns,apns-token-3671
user-3672,push,fcm,fcm-token-3672
user-3673,sms,twilio,+5491100003673
user-3674,email,mailchimp,user-3674@example.com
user-3675,push,apns,apns-token-3675
user-3676,push,fcm,fcm-token-3676
user-3677,sms,twilio,+5491100003677
user-3678,email,mailchimp,user-3678@example.com
user-3679,push,apns,apns-token-3679
user-3680,push,fcm,fcm-token-3680
user-3681,sms,twilio,+5491100003681
user-3682,email,mailchimp,user-3682@example.com
user-3683,push,apns,apns-token-3683
user-3684,push,fcm,fcm-token-3684
user-3685,sms,twilio,+5491100003685
user-3686,email,mailchimp,user-3686@example.com
user-3687,push,apns,apns-token-3687
user-3688,push,fcm,fcm-token-3688
user-3689,sms,twilio,+5491100003689
user-3690,email,mailchimp,user-3690@example.com
user-3691,push,apns,apns-token-3691
user-3692,push,fcm,fcm-token-3692
user-3693,sms,twilio,+5491100003693
user-3694,email,mailchimp,user-3694@example.com
user-3695,push,apns,apns-token-3695
user-3696,push,fcm,fcm-token-3696
user-3697,sms,twilio,+5491100003697
user-3698,email,mailchimp,user-3698@example.com
user-3699,push,apns,apns-token-3699
user-3700,push,fcm,fcm-token-3700
user-3701,sms,twilio,+5491100003701
user-3702,email,mailchimp,user-3702@example.com
user-3703,push,apns,apns-token-3703
user-3704,push,fcm,fcm-token-3704
user-3705,sms,twilio,+5491100003705
user-3706,email,mailchimp,user-3706@example.com
user-3707,push,apns,apns-token-3707
user-3708,push,fcm,fcm-token-3708
user-3709,sms,twilio,+5491100003709
user-3710,email,mailchimp,user-3710@example.com
user-3711,push,apns,apns-token-3711
user-3712,push,fcm,fcm-token-3712
user-3713,sms,twilio,+5491100003713
user-3714,email,mailchimp,user-3714@example.com
user-3715,push,apns,apns-token-3715
user-3716,push,fcm,fcm-token-3716
user-3717,sms,twilio,+5491100003717
user-3718,email,mailchimp,user-3718@example.com
user-3719,push,apns,apns-token-3719
user-3720,push,fcm,fcm-token-3720
user-3721,sms,twilio,+5491100003721
user-3722,email,mailchimp,user-3722@example.com
user-3723,push,apns,apns-token-3723
user-3724,push,fcm,fcm-token-3724
user-3725,sms,twilio,+5491100003725
user-3726,email,mailchimp,user-3726@example.com
user-3727,push,apns,apns-token-3727
user-3728,push,fcm,fcm-token-3728
user-3729,sms,twilio,+5491100003729
user-3730,email,mailchimp,user-3730@example.com
user-3731,push,apns,apns-token-3731
user-3732,push,fcm,fcm-token-3732
user-3733,sms,twilio,+5491100003733
user-3734,email,mailchimp,user-3734@example.com
user-3735,push,apns,apns-token-3735
user-3736,push,fcm,fcm-token-3736
user-3737,sms,twilio,+5491100003737
user-3738,email,mailchimp,user-3738@example.com
user-3739,push,apns,apns-token-3739
user-3740,push,fcm,fcm-token-3740
user-3741,sms,twilio,+5491100003741
user-3742,email,mailchimp,user-3742@example.com
user-3743,push,apns,apns-token-3743
user-3744,push,fcm,fcm-token-3744
user-3745,sms,twilio,+5491100003745
user-3746,email,mailchimp,user-3746@example.com
user-3747,push,apns,apns-token-3747
user-3748,push,fcm,fcm-token-3748
user-3749,sms,twilio,+5491100003749
user-3750,email,mailchimp,user-3750@example.com
user-3751,push,apns,apns-token-3751
user-3752,push,fcm,fcm-token-3752
user-3753,sms,twilio,+5491100003753
user-3754,email,mailchimp,user-3754@example.com
user-3755,push,apns,apns-token-3755
user-3756,push,fcm,fcm-token-3756
user-3757,sms,twilio,+5491100003757
user-3758,email,mailchimp,user-3758@example.com
user-3759,push,apns,apns-token-3759
user-3760,push,fcm,fcm-token-3760
user-3761,sms,twilio,+5491100003761
user-3762,email,mailchimp,user-3762@example.com
user-3763,push,apns,apns-token-3763
user-3764,push,fcm,fcm-token-3764
user-3765,sms,twilio,+5491100003765
user-3766,email,mailchimp,user-3766@example.com
user-3767,push,apns,apns-token-3767
user-3768,push,fcm,fcm-token-3768
user-3769,sms,twilio,+5491100003769
user-3770,email,mailchimp,user-3770@example.com
user-3771,push,apns,apns-token-3771
user-3772,push,fcm,fcm-token-3772
user-3773,sms,twilio,+5491100003773
user-3774,email,mailchimp,user-3774@example.com
user-3775,push,apns,apns-token-3775
user-3776,push,fcm,fcm-token-3776
user-3777,sms,twilio,+5491100003777
user-3778,email,mailchimp,user-3778@example.com
user-3779,push,apns,apns-token-3779
user-3780,push,fcm,fcm-token-3780
user-3781,sms,twilio,+5491100003781
user-3782,email,mailchimp,user-3782@example.com
user-3783,push,apns,apns-token-3783
user-3784,push,fcm,fcm-token-3784
user-3785,sms,twilio,+5491100003785
user-3786,email,mailchimp,user-3786@example.com
user-3787,push,apns,apns-token-3787
user-3788,push,fcm,fcm-token-3788
user-3789,sms,twilio,+5491100003789
user-3790,email,mailchimp,user-3790@example.com
user-3791,push,apns,apns-token-3791
user-3792,push,fcm,fcm-token-3792
user-3793,sms,twilio,+5491100003793
user-3794,email,mailchimp,user-3794@example.com
user-3795,push,apns,apns-token-3795
user-3796,push,fcm,fcm-token-3796
user-3797,sms,twilio,+5491100003797
user-3798,email,mailchimp,user-3798@example.com
user-3799,push,apns,apns-token-3799
user-3800,push,fcm,fcm-token-3800
user-3801,sms,twilio,+5491100003801
user-3802,email,mailchimp,user-3802@example.com
user-3803,push,apns,apns-token-3803
user-3804,push,fcm,fcm-token-3804
user-3805,sms,twilio,+5491100003805
user-3806,email,mailchimp,user-3806@example.com
user-3807,push,apns,apns-token-3807
user-3808,push,fcm,fcm-token-3808
user-3809,sms,twilio,+5491100003809
user-3810,email,mailchimp,user-3810@example.com
user-3811,push,apns,apns-token-3811
user-3812,push,fcm,fcm-token-3812
user-3813,sms,twilio,+5491100003813
user-3814,email,mailchimp,user-3814@example.com
user-3815,push,apns,apns-token-3815
user-3816,push,fcm,fcm-token-3816
user-3817,sms,twilio,+5491100003817
user-3818,email,mailchimp,user-3818@example.com
user-3819,push,apns,apns-token-3819
user-3820,push,fcm,fcm-token-3820
user-3821,sms,twilio,+5491100003821
user-3822,email,mailchimp,user-3822@example.com
user-3823,push,apns,apns-token-3823
user-3824,push,fcm,fcm-token-3824
user-3825,sms,twilio,+5491100003825
user-3826,email,mailchimp,user-3826@example.com
user-3827,push,apns,apns-token-3827
user-3828,push,fcm,fcm-token-3828
user-3829,sms,twilio,+5491100003829
user-3830,email,mailchimp,user-3830@example.com
user-3831,push,apns,apns-token-3831
user-3832,push,fcm,fcm-token-3832
user-3833,sms,twilio,+5491100003833
user-3834,email,mailchimp,user-3834@example.com
user-3835,push,apns,apns-token-3835
user-3836,push,fcm,fcm-token-3836
user-3837,sms,twilio,+5491100003837
user-3838,email,mailchimp,user-3838@example.com
user-3839,push,apns,apns-token-3839
user-3840,push,fcm,fcm-token-3840
user-3841,sms,twilio,+5491100003841
user-3842,email,mailchimp,user-3842@example.com
user-3843,push,apns,apns-token-3843
user-3844,push,fcm,fcm-token-3844
user-3845,sms,twilio,+5491100003845
user-3846,email,mailchimp,user-3846@example.com
user-3847,push,apns,apns-token-3847
user-3848,push,fcm,fcm-token-3848
user-3849,sms,twilio,+5491100003849
user-3850,email,mailchimp,user-3850@example.com
user-3851,push,apns,apns-token-3851
user-3852,push,fcm,fcm-token-3852
user-3853,sms,twilio,+5491100003853
user-3854,email,mailchimp,user-3854@example.com
user-3855,push,apns,apns-token-3855
user-3856,push,fcm,fcm-token-3856
user-3857,sms,twilio,+5491100003857
user-3858,email,mailchimp,user-3858@example.com
user-3859,push,apns,apns-token-3859
user-3860,push,fcm,fcm-token-3860
user-3861,sms,twilio,+5491100003861
user-3862,email,mailchimp,user-3862@example.com
user-3863,push,apns,apns-token-3863
user-3864,push,fcm,fcm-token-3864
user-3865,sms,twilio,+5491100003865
user-3866,email,mailchimp,user-3866@example.com
user-3867,push,apns,apns-token-3867
user-3868,push,fcm,fcm-token-3868
user-3869,sms,twilio,+5491100003869
user-3870,email,mailchimp,user-3870@example.com
user-3871,push,apns,apns-token-3871
user-3872,push,fcm,fcm-token-3872
user-3873,sms,twilio,+5491100003873
user-3874,email,mailchimp,user-3874@example.com
user-3875,push,apns,apns-token-3875
user-3876,push,fcm,fcm-token-3876
user-3877,sms,twilio,+5491100003877
user-3878,email,mailchimp,user-3878@example.com
user-3879,push,apns,apns-token-3879
user-3880,push,fcm,fcm-token-3880
user-3881,sms,twilio,+5491100003881
user-3882,email,mailchimp,user-3882@example.com
user-3883,push,apns,apns-token-3883
user-3884,push,fcm,fcm-token-3884
user-3885,sms,twilio,+5491100003885
user-3886,email,mailchimp,user-3886@example.com
user-3887,push,apns,apns-token-3887
user-3888,push,fcm,fcm-token-3888
user-3889,sms,twilio,+5491100003889
user-3890,email,mailchimp,user-3890@example.com
user-3891,push,apns,apns-token-3891
user-3892,push,fcm,fcm-token-3892
user-3893,sms,twilio,+5491100003893
user-3894,email,mailchimp,user-3894@example.com
user-3895,push,apns,apns-token-3895
user-3896,push,fcm,fcm-token-3896
user-3897,sms,twilio,+5491100003897
user-3898,email,mailchimp,user-3898@example.com
user-3899,push,apns,apns-token-3899
user-3900,push,fcm,fcm-token-3900
user-3901,sms,twilio,+5491100003901
user-3902,email,mailchimp,user-3902@example.com
user-3903,push,apns,apns-token-3903
user-3904,push,fcm,fcm-token-3904
user-3905,sms,twilio,+5491100003905
user-3906,email,mailchimp,user-3906@example.com
user-3907,push,apns,apns-token-3907
user-3908,push,fcm,fcm-token-3908
user-3909,sms,twilio,+5491100003909
user-3910,email,mailchimp,user-3910@example.com
user-3911,push,apns,apns-token-3911
user-3912,push,fcm,fcm-token-3912
user-3913,sms,twilio,+5491100003913
user-3914,email,mailchimp,user-3914@example.com
user-3915,push,apns,apns-token-3915
user-3916,push,fcm,fcm-token-3916
user-3917,sms,twilio,+5491100003917
user-3918,email,mailchimp,user-3918@example.com
user-3919,push,apns,apns-token-3919
user-3920,push,fcm,fcm-token-3920
user-3921,sms,twilio,+5491100003921
user-3922,email,mailchimp,user-3922@example.com
user-3923,push,apns,apns-token-3923
user-3924,push,fcm,fcm-token-3924
user-3925,sms,twilio,+5491100003925
user-3926,email,mailchimp,user-3926@example.com
user-3927,push,apns,apns-token-3927
user-3928,push,fcm,fcm-token-3928
user-3929,sms,twilio,+5491100003929
user-3930,email,mailchimp,user-3930@example.com
user-3931,push,apns,apns-token-3931
user-3932,push,fcm,fcm-token-3932
user-3933,sms,twilio,+5491100003933
user-3934,email,mailchimp,user-3934@example.com
user-3935,push,apns,apns-token-3935
user-3936,push,fcm,fcm-token-3936
user-3937,sms,twilio,+5491100003937
user-3938,email,mailchimp,user-3938@example.com
user-3939,push,apns,apns-token-3939
user-3940,push,fcm,fcm-token-3940
user-3941,sms,twilio,+5491100003941
user-3942,email,mailchimp,user-3942@example.com
user-3943,push,apns,apns-token-3943
user-3944,push,fcm,fcm-token-3944
user-3945,sms,twilio,+5491100003945
user-3946,email,mailchimp,user-3946@example.com
user-3947,push,apns,apns-token-3947
user-3948,push,fcm,fcm-token-3948
user-3949,sms,twilio,+5491100003949
user-3950,email,mailchimp,user-3950@example.com
user-3951,push,apns,apns-token-3951
user-3952,push,fcm,fcm-token-3952
user-3953,sms,twilio,+5491100003953
user-3954,email,mailchimp,user-3954@example.com
user-3955,push,apns,apns-token-3955
user-3956,push,fcm,fcm-token-3956
user-3957,sms,twilio,+5491100003957
user-3958,email,mailchimp,user-3958@example.com
user-3959,push,apns,apns-token-3959
user-3960,push,fcm,fcm-token-3960
user-3961,sms,twilio,+5491100003961
user-3962,email,mailchimp,user-3962@example.com
user-3963,push,apns,apns-token-3963
user-3964,push,fcm,fcm-token-3964
user-3965,sms,twilio,+5491100003965
user-3966,email,mailchimp,user-3966@example.com
user-3967,push,apns,apns-token-3967
user-3968,push,fcm,fcm-token-3968
user-3969,sms,twilio,+5491100003969
user-3970,email,mailchimp,user-3970@example.com
user-3971,push,apns,apns-token-3971
user-3972,push,fcm,fcm-token-3972
user-3973,sms,twilio,+5491100003973
user-3974,email,mailchimp,user-3974@example.com
user-3975,push,apns,apns-token-3975
user-3976,push,fcm,fcm-token-3976
user-3977,sms,twilio,+5491100003977
user-3978,email,mailchimp,user-3978@example.com
user-3979,push,apns,apns-token-3979
user-3980,push,fcm,fcm-token-3980
user-3981,sms,twilio,+5491100003981
user-3982,email,mailchimp,user-3982@example.com
user-3983,push,apns,apns-token-3983
user-3984,push,fcm,fcm-token-3984
user-3985,sms,twilio,+5491100003985
user-3986,email,mailchimp,user-3986@example.com
user-3987,push,apns,apns-token-3987
user-3988,push,fcm,fcm-token-3988
user-3989,sms,twilio,+5491100003989
user-3990,email,mailchimp,user-3990@example.com
user-3991,push,apns,apns-token-3991
user-3992,push,fcm,fcm-token-3992
user-3993,sms,twilio,+5491100003993
user-3994,email,mailchimp,user-3994@example.com
user-3995,push,apns,apns-token-3995
user-3996,push,fcm,fcm-token-3996
user-3997,sms,twilio,+5491100003997
user-3998,email,mailchimp,user-3998@example.com
user-3999,push,apns,apns-token-3999
user-4000,push,fcm,fcm-token-4000
user-4001,sms,twilio,+5491100004001
user-4002,email,mailchimp,user-4002@example.com
user-4003,push,apns,apns-token-4003
user-4004,push,fcm,fcm-token-4004
user-4005,sms,twilio,+5491100004005
user-4006,email,mailchimp,user-4006@example.com
user-4007,push,apns,apns-token-4007
user-4008,push,fcm,fcm-token-4008
user-4009,sms,twilio,+5491100004009
user-4010,email,mailchimp,user-4010@example.com
user-4011,push,apns,apns-token-4011
user-4012,push,fcm,fcm-token-4012
user-4013,sms,twilio,+5491100004013
user-4014,email,mailchimp,user-4014@example.com
user-4015,push,apns,apns-token-4015
user-4016,push,fcm,fcm-token-4016
user-4017,sms,twilio,+5491100004017
user-4018,email,mailchimp,user-4018@example.com
user-4019,push,apns,apns-token-4019
user-4020,push,fcm,fcm-token-4020
user-4021,sms,twilio,+5491100004021
user-4022,email,mailchimp,user-4022@example.com
user-4023,push,apns,apns-token-4023
user-4024,push,fcm,fcm-token-4024
user-4025,sms,twilio,+5491100004025
user-4026,email,mailchimp,user-4026@example.com
user-4027,push,apns,apns-token-4027
user-4028,push,fcm,fcm-token-4028
user-4029,sms,twilio,+5491100004029
user-4030,email,mailchimp,user-4030@example.com
user-4031,push,apns,apns-token-4031
user-4032,push,fcm,fcm-token-4032
user-4033,sms,twilio,+5491100004033
user-4034,email,mailchimp,user-4034@example.com
user-4035,push,apns,apns-token-4035
user-4036,push,fcm,fcm-token-4036
user-4037,sms,twilio,+5491100004037
user-4038,email,mailchimp,user-4038@example.com
user-4039,push,apns,apns-token-4039
user-4040,push,fcm,fcm-token-4040
user-4041,sms,twilio,+5491100004041
user-4042,email,mailchimp,user-4042@example.com
user-4043,push,apns,apns-token-4043
user-4044,push,fcm,fcm-token-4044
user-4045,sms,twilio,+5491100004045
user-4046,email,mailchimp,user-4046@example.com
user-4047,push,apns,apns-token-4047
user-4048,push,fcm,fcm-token-4048
user-4049,sms,twilio,+5491100004049
user-4050,email,mailchimp,user-4050@example.com
user-4051,push,apns,apns-token-4051
user-4052,push,fcm,fcm-token-4052
user-4053,sms,twilio,+5491100004053
user-4054,email,mailchimp,user-4054@example.com
user-4055,push,apns,apns-token-4055
user-4056,push,fcm,fcm-token-4056
user-4057,sms,twilio,+5491100004057
user-4058,email,mailchimp,user-4058@example.com
user-4059,push,apns,apns-token-4059
user-4060,push,fcm,fcm-token-4060
user-4061,sms,twilio,+5491100004061
user-4062,email,mailchimp,user-4062@example.com
user-4063,push,apns,apns-token-4063
user-4064,push,fcm,fcm-token-4064
user-4065,sms,twilio,+5491100004065
user-4066,email,mailchimp,user-4066@example.com
user-4067,push,apns,apns-token-4067
user-4068,push,fcm,fcm-token-4068
user-4069,sms,twilio,+5491100004069
user-4070,email,mailchimp,user-4070@example.com
user-4071,push,apns,apns-token-4071
user-4072,push,fcm,fcm-token-4072
user-4073,sms,twilio,+5491100004073
user-4074,email,mailchimp,user-4074@example.com
user-4075,push,apns,apns-token-4075
user-4076,push,fcm,fcm-token-4076
user-4077,sms,twilio,+5491100004077
user-4078,email,mailchimp,user-4078@example.com
user-4079,push,apns,apns-token-4079
user-4080,push,fcm,fcm-token-4080
user-4081,sms,twilio,+5491100004081
user-4082,email,mailchimp,user-4082@example.com
user-4083,push,apns,apns-token-4083
user-4084,push,fcm,fcm-token-4084
user-4085,sms,twilio,+5491100004085
user-4086,email,mailchimp,user-4086@example.com
user-4087,push,apns,apns-token-4087
user-4088,push,fcm,fcm-token-4088
user-4089,sms,twilio,+5491100004089
user-4090,email,mailchimp,user-4090@example.com
user-4091,push,apns,apns-token-4091
user-4092,push,fcm,fcm-token-4092
user-4093,sms,twilio,+5491100004093
user-4094,email,mailchimp,user-4094@example.com
user-4095,push,apns,apns-token-4095
user-4096,push,fcm,fcm-token-4096
user-4097,sms,twilio,+5491100004097
user-4098,email,mailchimp,user-4098@example.com
user-4099,push,apns,apns-token-4099
user-4100,push,fcm,fcm-token-4100
user-4101,sms,twilio,+5491100004101
user-4102,email,mailchimp,user-4102@example.com
user-4103,push,apns,apns-token-4103
user-4104,push,fcm,fcm-token-4104
user-4105,sms,twilio,+5491100004105
user-4106,email,mailchimp,user-4106@example.com
user-4107,push,apns,apns-token-4107
user-4108,push,fcm,fcm-token-4108
user-4109,sms,twilio,+5491100004109
user-4110,email,mailchimp,user-4110@example.com
user-4111,push,apns,apns-token-4111
user-4112,push,fcm,fcm-token-4112
user-4113,sms,twilio,+5491100004113
user-4114,email,mailchimp,user-4114@example.com
user-4115,push,apns,apns-token-4115
user-4116,push,fcm,fcm-token-4116
user-4117,sms,twilio,+5491100004117
user-4118,email,mailchimp,user-4118@example.com
user-4119,push,apns,apns-token-4119
user-4120,push,fcm,fcm-token-4120
user-4121,sms,twilio,+5491100004121
user-4122,email,mailchimp,user-4122@example.com
user-4123,push,apns,apns-token-4123
user-4124,push,fcm,fcm-token-4124
user-4125,sms,twilio,+5491100004125
user-4126,email,mailchimp,user-4126@example.com
user-4127,push,apns,apns-token-4127
user-4128,push,fcm,fcm-token-4128
user-4129,sms,twilio,+5491100004129
user-4130,email,mailchimp,user-4130@example.com
user-4131,push,apns,apns-token-4131
user-4132,push,fcm,fcm-token-4132
user-4133,sms,twilio,+5491100004133
user-4134,email,mailchimp,user-4134@example.com
user-4135,push,apns,apns-token-4135
user-4136,push,fcm,fcm-token-4136
user-4137,sms,twilio,+5491100004137
user-4138,email,mailchimp,user-4138@example.com
user-4139,push,apns,apns-token-4139
user-4140,push,fcm,fcm-token-4140
user-4141,sms,twilio,+5491100004141
user-4142,email,mailchimp,user-4142@example.com
user-4143,push,apns,apns-token-4143
user-4144,push,fcm,fcm-token-4144
user-4145,sms,twilio,+5491100004145
user-4146,email,mailchimp,user-4146@example.com
user-4147,push,apns,apns-token-4147
user-4148,push,fcm,fcm-token-4148
user-4149,sms,twilio,+5491100004149
user-4150,email,mailchimp,user-4150@example.com
user-4151,push,apns,apns-token-4151
user-4152,push,fcm,fcm-token-4152
user-4153,sms,twilio,+5491100004153
user-4154,email,mailchimp,user-4154@example.com
user-4155,push,apns,apns-token-4155
user-4156,push,fcm,fcm-token-4156
user-4157,sms,twilio,+5491100004157
user-4158,email,mailchimp,user-4158@example.com
user-4159,push,apns,apns-token-4159
user-4160,push,fcm,fcm-token-4160
user-4161,sms,twilio,+5491100004161
user-4162,email,mailchimp,user-4162@example.com
user-4163,push,apns,apns-token-4163
user-4164,push,fcm,fcm-token-4164
user-4165,sms,twilio,+5491100004165
user-4166,email,mailchimp,user-4166@example.com
user-4167,push,apns,apns-token-4167
user-4168,push,fcm,fcm-token-4168
user-4169,sms,twilio,+5491100004169
user-4170,email,mailchimp,user-4170@example.com
user-4171,push,apns,apns-token-4171
user-4172,push,fcm,fcm-token-4172
user-4173,sms,twilio,+5491100004173
user-4174,email,mailchimp,user-4174@example.com
user-4175,push,apns,apns-token-4175
user-4176,push,fcm,fcm-token-4176
user-4177,sms,twilio,+5491100004177
user-4178,email,mailchimp,user-4178@example.com
user-4179,push,apns,apns-token-4179
user-4180,push,fcm,fcm-token-4180
user-4181,sms,twilio,+5491100004181
user-4182,email,mailchimp,user-4182@example.com
user-4183,push,apns,apns-token-4183
user-4184,push,fcm,fcm-token-4184
user-4185,sms,twilio,+5491100004185
user-4186,email,mailchimp,user-4186@example.com
user-4187,push,apns,apns-token-4187
user-4188,push,fcm,fcm-token-4188
user-4189,sms,twilio,+5491100004189
user-4190,email,mailchimp,user-4190@example.com
user-4191,push,apns,apns-token-4191
user-4192,push,fcm,fcm-token-4192
user-4193,sms,twilio,+5491100004193
user-4194,email,mailchimp,user-4194@example.com
user-4195,push,apns,apns-token-4195
user-4196,push,fcm,fcm-token-4196
user-4197,sms,twilio,+5491100004197
user-4198,email,mailchimp,user-4198@example.com
user-4199,push,apns,apns-token-4199
user-4200,push,fcm,fcm-token-4200
user-4201,sms,twilio,+5491100004201
user-4202,email,mailchimp,user-4202@example.com
user-4203,push,apns,apns-token-4203
user-4204,push,fcm,fcm-token-4204
user-4205,sms,twilio,+5491100004205
user-4206,email,mailchimp,user-4206@example.com
user-4207,push,apns,apns-token-4207
user-4208,push,fcm,fcm-token-4208
user-4209,sms,twilio,+5491100004209
user-4210,email,mailchimp,user-4210@example.com
user-4211,push,apns,apns-token-4211
user-4212,push,fcm,fcm-token-4212
user-4213,sms,twilio,+5491100004213
user-4214,email,mailchimp,user-4214@example.com
user-4215,push,apns,apns-token-4215
user-4216,push,fcm,fcm-token-4216
user-4217,sms,twilio,+5491100004217
user-4218,email,mailchimp,user-4218@example.com
user-4219,push,apns,apns-token-4219
user-4220,push,fcm,fcm-token-4220
user-4221,sms,twilio,+5491100004221
user-4222,email,mailchimp,user-4222@example.com
user-4223,push,apns,apns-token-4223
user-4224,push,fcm,fcm-token-4224
user-4225,sms,twilio,+5491100004225
user-4226,email,mailchimp,user-4226@example.com
user-4227,push,apns,apns-token-4227
user-4228,push,fcm,fcm-token-4228
user-4229,sms,twilio,+5491100004229
user-4230,email,mailchimp,user-4230@example.com
user-4231,push,apns,apns-token-4231
user-4232,push,fcm,fcm-token-4232
user-4233,sms,twilio,+5491100004233
user-4234,email,mailchimp,user-4234@example.com
user-4235,push,apns,apns-token-4235
user-4236,push,fcm,fcm-token-4236
user-4237,sms,twilio,+5491100004237
user-4238,email,mailchimp,user-4238@example.com
user-4239,push,apns,apns-token-4239
user-4240,push,fcm,fcm-token-4240
user-4241,sms,twilio,+5491100004241
user-4242,email,mailchimp,user-4242@example.com
user-4243,push,apns,apns-token-4243
user-4244,push,fcm,fcm-token-4244
user-4245,sms,twilio,+5491100004245
user-4246,email,mailchimp,user-4246@example.com
user-4247,push,apns,apns-token-4247
user-4248,push,fcm,fcm-token-4248
user-4249,sms,twilio,+5491100004249
user-4250,email,mailchimp,user-4250@example.com
user-4251,push,apns,apns-token-4251
user-4252,push,fcm,fcm-token-4252
user-4253,sms,twilio,+5491100004253
user-4254,email,mailchimp,user-4254@example.com
user-4255,push,apns,apns-token-4255
user-4256,push,fcm,fcm-token-4256
user-4257,sms,twilio,+5491100004257
user-4258,email,mailchimp,user-4258@example.com
user-4259,push,apns,apns-token-4259
user-4260,push,fcm,fcm-token-4260
user-4261,sms,twilio,+5491100004261
user-4262,email,mailchimp,user-4262@example.com
user-4263,push,apns,apns-token-4263
user-4264,push,fcm,fcm-token-4264
user-4265,sms,twilio,+5491100004265
user-4266,email,mailchimp,user-4266@example.com
user-4267,push,apns,apns-token-4267
user-4268,push,fcm,fcm-token-4268
user-4269,sms,twilio,+5491100004269
user-4270,email,mailchimp,user-4270@example.com
user-4271,push,apns,apns-token-4271
user-4272,push,fcm,fcm-token-4272
user-4273,sms,twilio,+5491100004273
user-4274,email,mailchimp,user-4274@example.com
user-4275,push,apns,apns-token-4275
user-4276,push,fcm,fcm-token-4276
user-4277,sms,twilio,+5491100004277
user-4278,email,mailchimp,user-4278@example.com
user-4279,push,apns,apns-token-4279
user-4280,push,fcm,fcm-token-4280
user-4281,sms,twilio,+5491100004281
user-4282,email,mailchimp,user-4282@example.com
user-4283,push,apns,apns-token-4283
user-4284,push,fcm,fcm-token-4284
user-4285,sms,twilio,+5491100004285
user-4286,email,mailchimp,user-4286@example.com
user-4287,push,apns,apns-token-4287
user-4288,push,fcm,fcm-token-4288
user-4289,sms,twilio,+5491100004289
user-4290,email,mailchimp,user-4290@example.com
user-4291,push,apns,apns-token-4291
user-4292,push,fcm,fcm-token-4292
user-4293,sms,twilio,+5491100004293
user-4294,email,mailchimp,user-4294@example.com
user-4295,push,apns,apns-token-4295
user-4296,push,fcm,fcm-token-4296
user-4297,sms,twilio,+5491100004297
user-4298,email,mailchimp,user-4298@example.com
user-4299,push,apns,apns-token-4299
user-4300,push,fcm,fcm-token-4300
user-4301,sms,twilio,+5491100004301
user-4302,email,mailchimp,user-4302@example.com
user-4303,push,apns,apns-token-4303
user-4304,push,fcm,fcm-token-4304
user-4305,sms,twilio,+5491100004305
user-4306,email,mailchimp,user-4306@example.com
user-4307,push,apns,apns-token-4307
user-4308,push,fcm,fcm-token-4308
user-4309,sms,twilio,+5491100004309
user-4310,email,mailchimp,user-4310@example.com
user-4311,push,apns,apns-token-4311
user-4312,push,fcm,fcm-token-4312
user-4313,sms,twilio,+5491100004313
user-4314,email,mailchimp,user-4314@example.com
user-4315,push,apns,apns-token-4315
user-4316,push,fcm,fcm-token-4316
user-4317,sms,twilio,+5491100004317
user-4318,email,mailchimp,user-4318@example.com
user-4319,push,apns,apns-token-4319
user-4320,push,fcm,fcm-token-4320
user-4321,sms,twilio,+5491100004321
user-4322,email,mailchimp,user-4322@example.com
user-4323,push,apns,apns-token-4323
user-4324,push,fcm,fcm-token-4324
user-4325,sms,twilio,+5491100004325
user-4326,email,mailchimp,user-4326@example.com
user-4327,push,apns,apns-token-4327
user-4328,push,fcm,fcm-token-4328
user-4329,sms,twilio,+5491100004329
user-4330,email,mailchimp,user-4330@example.com
user-4331,push,apns,apns-token-4331
user-4332,push,fcm,fcm-token-4332
user-4333,sms,twilio,+5491100004333
user-4334,email,mailchimp,user-4334@example.com
user-4335,push,apns,apns-token-4335
user-4336,push,fcm,fcm-token-4336
user-4337,sms,twilio,+5491100004337
user-4338,email,mailchimp,user-4338@example.com
user-4339,push,apns,apns-token-4339
user-4340,push,fcm,fcm-token-4340
user-4341,sms,twilio,+5491100004341
user-4342,email,mailchimp,user-4342@example.com
user-4343,push,apns,apns-token-4343
user-4344,push,fcm,fcm-token-4344
user-4345,sms,twilio,+5491100004345
user-4346,email,mailchimp,user-4346@example.com
user-4347,push,apns,apns-token-4347
user-4348,push,fcm,fcm-token-4348
user-4349,sms,twilio,+5491100004349
user-4350,email,mailchimp,user-4350@example.com
user-4351,push,apns,apns-token-4351
user-4352,push,fcm,fcm-token-4352
user-4353,sms,twilio,+5491100004353
user-4354,email,mailchimp,user-4354@example.com
user-4355,push,apns,apns-token-4355
user-4356,push,fcm,fcm-token-4356
user-4357,sms,twilio,+5491100004357
user-4358,email,mailchimp,user-4358@example.com
user-4359,push,apns,apns-token-4359
user-4360,push,fcm,fcm-token-4360
user-4361,sms,twilio,+5491100004361
user-4362,email,mailchimp,user-4362@example.com
user-4363,push,apns,apns-token-4363
user-4364,push,fcm,fcm-token-4364
user-4365,sms,twilio,+5491100004365
user-4366,email,mailchimp,user-4366@example.com
user-4367,push,apns,apns-token-4367
user-4368,push,fcm,fcm-token-4368
user-4369,sms,twilio,+5491100004369
user-4370,email,mailchimp,user-4370@example.com
user-4371,push,apns,apns-token-4371
user-4372,push,fcm,fcm-token-4372
user-4373,sms,twilio,+5491100004373
user-4374,email,mailchimp,user-4374@example.com
user-4375,push,apns,apns-token-4375
user-4376,push,fcm,fcm-token-4376
user-4377,sms,twilio,+5491100004377
user-4378,email,mailchimp,user-4378@example.com
user-4379,push,apns,apns-token-4379
user-4380,push,fcm,fcm-token-4380
user-4381,sms,twilio,+5491100004381
user-4382,email,mailchimp,user-4382@example.com
user-4383,push,apns,apns-token-4383
user-4384,push,fcm,fcm-token-4384
user-4385,sms,twilio,+5491100004385
user-4386,email,mailchimp,user-4386@example.com
user-4387,push,apns,apns-token-4387
user-4388,push,fcm,fcm-token-4388
user-4389,sms,twilio,+5491100004389
user-4390,email,mailchimp,user-4390@example.com
user-4391,push,apns,apns-token-4391
user-4392,push,fcm,fcm-token-4392
user-4393,sms,twilio,+5491100004393
user-4394,email,mailchimp,user-4394@example.com
user-4395,push,apns,apns-token-4395
user-4396,push,fcm,fcm-token-4396
user-4397,sms,twilio,+5491100004397
user-4398,email,mailchimp,user-4398@example.com
user-4399,push,apns,apns-token-4399
user-4400,push,fcm,fcm-token-4400
user-4401,sms,twilio,+5491100004401
user-4402,email,mailchimp,user-4402@example.com
user-4403,push,apns,apns-token-4403
user-4404,push,fcm,fcm-token-4404
user-4405,sms,twilio,+5491100004405
user-4406,email,mailchimp,user-4406@example.com
user-4407,push,apns,apns-token-4407
user-4408,push,fcm,fcm-token-4408
user-4409,sms,twilio,+5491100004409
user-4410,email,mailchimp,user-4410@example.com
user-4411,push,apns,apns-token-4411
user-4412,push,fcm,fcm-token-4412
user-4413,sms,twilio,+5491100004413
user-4414,email,mailchimp,user-4414@example.com
user-4415,push,apns,apns-token-4415
user-4416,push,fcm,fcm-token-4416
user-4417,sms,twilio,+5491100004417
user-4418,email,mailchimp,user-4418@example.com
user-4419,push,apns,apns-token-4419
user-4420,push,fcm,fcm-token-4420
user-4421,sms,twilio,+5491100004421
user-4422,email,mailchimp,user-4422@example.com
user-4423,push,apns,apns-token-4423
user-4424,push,fcm,fcm-token-4424
user-4425,sms,twilio,+5491100004425
user-4426,email,mailchimp,user-4426@example.com
user-4427,push,apns,apns-token-4427
user-4428,push,fcm,fcm-token-4428
user-4429,sms,twilio,+5491100004429
user-4430,email,mailchimp,user-4430@example.com
user-4431,push,apns,apns-token-4431
user-4432,push,fcm,fcm-token-4432
user-4433,sms,twilio,+5491100004433
user-4434,email,mailchimp,user-4434@example.com
user-4435,push,apns,apns-token-4435
user-4436,push,fcm,fcm-token-4436
user-4437,sms,twilio,+5491100004437
user-4438,email,mailchimp,user-4438@example.com
user-4439,push,apns,apns-token-4439
user-4440,push,fcm,fcm-token-4440
user-4441,sms,twilio,+5491100004441
user-4442,email,mailchimp,user-4442@example.com
user-4443,push,apns,apns-token-4443
user-4444,push,fcm,fcm-token-4444
user-4445,sms,twilio,+5491100004445
user-4446,email,mailchimp,user-4446@example.com
user-4447,push,apns,apns-token-4447
user-4448,push,fcm,fcm-token-4448
user-4449,sms,twilio,+5491100004449
user-4450,email,mailchimp,user-4450@example.com
user-4451,push,apns,apns-token-4451
user-4452,push,fcm,fcm-token-4452
user-4453,sms,twilio,+5491100004453
user-4454,email,mailchimp,user-4454@example.com
user-4455,push,apns,apns-token-4455
user-4456,push,fcm,fcm-token-4456
user-4457,sms,twilio,+5491100004457
user-4458,email,mailchimp,user-4458@example.com
user-4459,push,apns,apns-token-4459
user-4460,push,fcm,fcm-token-4460
user-4461,sms,twilio,+5491100004461
user-4462,email,mailchimp,user-4462@example.com
user-4463,push,apns,apns-token-4463
user-4464,push,fcm,fcm-token-4464
user-4465,sms,twilio,+5491100004465
user-4466,email,mailchimp,user-4466@example.com
user-4467,push,apns,apns-token-4467
user-4468,push,fcm,fcm-token-4468
user-4469,sms,twilio,+5491100004469
user-4470,email,mailchimp,user-4470@example.com
user-4471,push,apns,apns-token-4471
user-4472,push,fcm,fcm-token-4472
user-4473,sms,twilio,+5491100004473
user-4474,email,mailchimp,user-4474@example.com
user-4475,push,apns,apns-token-4475
user-4476,push,fcm,fcm-token-4476
user-4477,sms,twilio,+5491100004477
user-4478,email,mailchimp,user-4478@example.com
user-4479,push,apns,apns-token-4479
user-4480,push,fcm,fcm-token-4480
user-4481,sms,twilio,+5491100004481
user-4482,email,mailchimp,user-4482@example.com
user-4483,push,apns,apns-token-4483
user-4484,push,fcm,fcm-token-4484
user-4485,sms,twilio,+5491100004485
user-4486,email,mailchimp,user-4486@example.com
user-4487,push,apns,apns-token-4487
user-4488,push,fcm,fcm-token-4488
user-4489,sms,twilio,+5491100004489
user-4490,email,mailchimp,user-4490@example.com
user-4491,push,apns,apns-token-4491
user-4492,push,fcm,fcm-token-4492
user-4493,sms,twilio,+5491100004493
user-4494,email,mailchimp,user-4494@example.com
user-4495,push,apns,apns-token-4495
user-4496,push,fcm,fcm-token-4496
user-4497,sms,twilio,+5491100004497
user-4498,email,mailchimp,user-4498@example.com
user-4499,push,apns,apns-token-4499
user-4500,push,fcm,fcm-token-4500
user-4501,sms,twilio,+5491100004501
user-4502,email,mailchimp,user-4502@example.com
user-4503,push,apns,apns-token-4503
user-4504,push,fcm,fcm-token-4504
user-4505,sms,twilio,+5491100004505
user-4506,email,mailchimp,user-4506@example.com
user-4507,push,apns,apns-token-4507
user-4508,push,fcm,fcm-token-4508
user-4509,sms,twilio,+5491100004509
user-4510,email,mailchimp,user-4510@example.com
user-4511,push,apns,apns-token-4511
user-4512,push,fcm,fcm-token-4512
user-4513,sms,twilio,+5491100004513
user-4514,email,mailchimp,user-4514@example.com
user-4515,push,apns,apns-token-4515
user-4516,push,fcm,fcm-token-4516
user-4517,sms,twilio,+5491100004517
user-4518,email,mailchimp,user-4518@example.com
user-4519,push,apns,apns-token-4519
user-4520,push,fcm,fcm-token-4520
user-4521,sms,twilio,+5491100004521
user-4522,email,mailchimp,user-4522@example.com
user-4523,push,apns,apns-token-4523
user-4524,push,fcm,fcm-token-4524
user-4525,sms,twilio,+5491100004525
user-4526,email,mailchimp,user-4526@example.com
user-4527,push,apns,apns-token-4527
user-4528,push,fcm,fcm-token-4528
user-4529,sms,twilio,+5491100004529
user-4530,email,mailchimp,user-4530@example.com
user-4531,push,apns,apns-token-4531
user-4532,push,fcm,fcm-token-4532
user-4533,sms,twilio,+5491100004533
user-4534,email,mailchimp,user-4534@example.com
user-4535,push,apns,apns-token-4535
user-4536,push,fcm,fcm-token-4536
user-4537,sms,twilio,+5491100004537
user-4538,email,mailchimp,user-4538@example.com
user-4539,push,apns,apns-token-4539
user-4540,push,fcm,fcm-token-4540
user-4541,sms,twilio,+5491100004541
user-4542,email,mailchimp,user-4542@example.com
user-4543,push,apns,apns-token-4543
user-4544,push,fcm,fcm-token-4544
user-4545,sms,twilio,+5491100004545
user-4546,email,mailchimp,user-4546@example.com
user-4547,push,apns,apns-token-4547
user-4548,push,fcm,fcm-token-4548
user-4549,sms,twilio,+5491100004549
user-4550,email,mailchimp,user-4550@example.com
user-4551,push,apns,apns-token-4551
user-4552,push,fcm,fcm-token-4552
user-4553,sms,twilio,+5491100004553
user-4554,email,mailchimp,user-4554@example.com
user-4555,push,apns,apns-token-4555
user-4556,push,fcm,fcm-token-4556
user-4557,sms,twilio,+5491100004557
user-4558,email,mailchimp,user-4558@example.com
user-4559,push,apns,apns-token-4559
user-4560,push,fcm,fcm-token-4560
user-4561,sms,twilio,+5491100004561
user-4562,email,mailchimp,user-4562@example.com
user-4563,push,apns,apns-token-4563
user-4564,push,fcm,fcm-token-4564
user-4565,sms,twilio,+5491100004565
user-4566,email,mailchimp,user-4566@example.com
user-4567,push,apns,apns-token-4567
user-4568,push,fcm,fcm-token-4568
user-4569,sms,twilio,+5491100004569
user-4570,email,mailchimp,user-4570@example.com
user-4571,push,apns,apns-token-4571
user-4572,push,fcm,fcm-token-4572
user-4573,sms,twilio,+5491100004573
user-4574,email,mailchimp,user-4574@example.com
user-4575,push,apns,apns-token-4575
user-4576,push,fcm,fcm-token-4576
user-4577,sms,twilio,+5491100004577
user-4578,email,mailchimp,user-4578@example.com
user-4579,push,apns,apns-token-4579
user-4580,push,fcm,fcm-token-4580
user-4581,sms,twilio,+5491100004581
user-4582,email,mailchimp,user-4582@example.com
user-4583,push,apns,apns-token-4583
user-4584,push,fcm,fcm-token-4584
user-4585,sms,twilio,+5491100004585
user-4586,email,mailchimp,user-4586@example.com
user-4587,push,apns,apns-token-4587
user-4588,push,fcm,fcm-token-4588
user-4589,sms,twilio,+5491100004589
user-4590,email,mailchimp,user-4590@example.com
user-4591,push,apns,apns-token-4591
user-4592,push,fcm,fcm-token-4592
user-4593,sms,twilio,+5491100004593
user-4594,email,mailchimp,user-4594@example.com
user-4595,push,apns,apns-token-4595
user-4596,push,fcm,fcm-token-4596
user-4597,sms,twilio,+5491100004597
user-4598,email,mailchimp,user-4598@example.com
user-4599,push,apns,apns-token-4599
user-4600,push,fcm,fcm-token-4600
user-4601,sms,twilio,+5491100004601
user-4602,email,mailchimp,user-4602@example.com
user-4603,push,apns,apns-token-4603
user-4604,push,fcm,fcm-token-4604
user-4605,sms,twilio,+5491100004605
user-4606,email,mailchimp,user-4606@example.com
user-4607,push,apns,apns-token-4607
user-4608,push,fcm,fcm-token-4608
user-4609,sms,twilio,+5491100004609
user-4610,email,mailchimp,user-4610@example.com
user-4611,push,apns,apns-token-4611
user-4612,push,fcm,fcm-token-4612
user-4613,sms,twilio,+5491100004613
user-4614,email,mailchimp,user-4614@example.com
user-4615,push,apns,apns-token-4615
user-4616,push,fcm,fcm-token-4616
user-4617,sms,twilio,+5491100004617
user-4618,email,mailchimp,user-4618@example.com
user-4619,push,apns,apns-token-4619
user-4620,push,fcm,fcm-token-4620
user-4621,sms,twilio,+5491100004621
user-4622,email,mailchimp,user-4622@example.com
user-4623,push,apns,apns-token-4623
user-4624,push,fcm,fcm-token-4624
user-4625,sms,twilio,+5491100004625
user-4626,email,mailchimp,user-4626@example.com
user-4627,push,apns,apns-token-4627
user-4628,push,fcm,fcm-token-4628
user-4629,sms,twilio,+5491100004629
user-4630,email,mailchimp,user-4630@example.com
user-4631,push,apns,apns-token-4631
user-4632,push,fcm,fcm-token-4632
user-4633,sms,twilio,+5491100004633
user-4634,email,mailchimp,user-4634@example.com
user-4635,push,apns,apns-token-4635
user-4636,push,fcm,fcm-token-4636
user-4637,sms,twilio,+5491100004637
user-4638,email,mailchimp,user-4638@example.com
user-4639,push,apns,apns-token-4639
user-4640,push,fcm,fcm-token-4640
user-4641,sms,twilio,+5491100004641
user-4642,email,mailchimp,user-4642@example.com
user-4643,push,apns,apns-token-4643
user-4644,push,fcm,fcm-token-4644
user-4645,sms,twilio,+5491100004645
user-4646,email,mailchimp,user-4646@example.com
user-4647,push,apns,apns-token-4647
user-4648,push,fcm,fcm-token-4648
user-4649,sms,twilio,+5491100004649
user-4650,email,mailchimp,user-4650@example.com
user-4651,push,apns,apns-token-4651
user-4652,push,fcm,fcm-token-4652
user-4653,sms,twilio,+5491100004653
user-4654,email,mailchimp,user-4654@example.com
user-4655,push,apns,apns-token-4655
user-4656,push,fcm,fcm-token-4656
user-4657,sms,twilio,+5491100004657
user-4658,email,mailchimp,user-4658@example.com
user-4659,push,apns,apns-token-4659
user-4660,push,fcm,fcm-token-4660
user-4661,sms,twilio,+5491100004661
user-4662,email,mailchimp,user-4662@example.com
user-4663,push,apns,apns-token-4663
user-4664,push,fcm,fcm-token-4664
user-4665,sms,twilio,+5491100004665
user-4666,email,mailchimp,user-4666@example.com
user-4667,push,apns,apns-token-4667
user-4668,push,fcm,fcm-token-4668
user-4669,sms,twilio,+5491100004669
user-4670,email,mailchimp,user-4670@example.com
user-4671,push,apns,apns-token-4671
user-4672,push,fcm,fcm-token-4672
user-4673,sms,twilio,+5491100004673
user-4674,email,mailchimp,user-4674@example.com
user-4675,push,apns,apns-token-4675
user-4676,push,fcm,fcm-token-4676
user-4677,sms,twilio,+5491100004677
user-4678,email,mailchimp,user-4678@example.com
user-4679,push,apns,apns-token-4679
user-4680,push,fcm,fcm-token-4680
user-4681,sms,twilio,+5491100004681
user-4682,email,mailchimp,user-4682@example.com
user-4683,push,apns,apns-token-4683
user-4684,push,fcm,fcm-token-4684
user-4685,sms,twilio,+5491100004685
user-4686,email,mailchimp,user-4686@example.com
user-4687,push,apns,apns-token-4687
user-4688,push,fcm,fcm-token-4688
user-4689,sms,twilio,+5491100004689
user-4690,email,mailchimp,user-4690@example.com
user-4691,push,apns,apns-token-4691
user-4692,push,fcm,fcm-token-4692
user-4693,sms,twilio,+5491100004693
user-4694,email,mailchimp,user-4694@example.com
user-4695,push,apns,apns-token-4695
user-4696,push,fcm,fcm-token-4696
user-4697,sms,twilio,+5491100004697
user-4698,email,mailchimp,user-4698@example.com
user-4699,push,apns,apns-token-4699
user-4700,push,fcm,fcm-token-4700
user-4701,sms,twilio,+5491100004701
user-4702,email,mailchimp,user-4702@example.com
user-4703,push,apns,apns-token-4703
user-4704,push,fcm,fcm-token-4704
user-4705,sms,twilio,+5491100004705
user-4706,email,mailchimp,user-4706@example.com
user-4707,push,apns,apns-token-4707
user-4708,push,fcm,fcm-token-4708
user-4709,sms,twilio,+5491100004709
user-4710,email,mailchimp,user-4710@example.com
user-4711,push,apns,apns-token-4711
user-4712,push,fcm,fcm-token-4712
user-4713,sms,twilio,+5491100004713
user-4714,email,mailchimp,user-4714@example.com
user-4715,push,apns,apns-token-4715
user-4716,push,fcm,fcm-token-4716
user-4717,sms,twilio,+5491100004717
user-4718,email,mailchimp,user-4718@example.com
user-4719,push,apns,apns-token-4719
user-4720,push,fcm,fcm-token-4720
user-4721,sms,twilio,+5491100004721
user-4722,email,mailchimp,user-4722@example.com
user-4723,push,apns,apns-token-4723
user-4724,push,fcm,fcm-token-4724
user-4725,sms,twilio,+5491100004725
user-4726,email,mailchimp,user-4726@example.com
user-4727,push,apns,apns-token-4727
user-4728,push,fcm,fcm-token-4728
user-4729,sms,twilio,+5491100004729
user-4730,email,mailchimp,user-4730@example.com
user-4731,push,apns,apns-token-4731
user-4732,push,fcm,fcm-token-4732
user-4733,sms,twilio,+5491100004733
user-4734,email,mailchimp,user-4734@example.com
user-4735,push,apns,apns-token-4735
user-4736,push,fcm,fcm-token-4736
user-4737,sms,twilio,+5491100004737
user-4738,email,mailchimp,user-4738@example.com
user-4739,push,apns,apns-token-4739
user-4740,push,fcm,fcm-token-4740
user-4741,sms,twilio,+5491100004741
user-4742,email,mailchimp,user-4742@example.com
user-4743,push,apns,apns-token-4743
user-4744,push,fcm,fcm-token-4744
user-4745,sms,twilio,+5491100004745
user-4746,email,mailchimp,user-4746@example.com
user-4747,push,apns,apns-token-4747
user-4748,push,fcm,fcm-token-4748
user-4749,sms,twilio,+5491100004749
user-4750,email,mailchimp,user-4750@example.com
user-4751,push,apns,apns-token-4751
user-4752,push,fcm,fcm-token-4752
user-4753,sms,twilio,+5491100004753
user-4754,email,mailchimp,user-4754@example.com
user-4755,push,apns,apns-token-4755
user-4756,push,fcm,fcm-token-4756
user-4757,sms,twilio,+5491100004757
user-4758,email,mailchimp,user-4758@example.com
user-4759,push,apns,apns-token-4759
user-4760,push,fcm,fcm-token-4760
user-4761,sms,twilio,+5491100004761
user-4762,email,mailchimp,user-4762@example.com
user-4763,push,apns,apns-token-4763
user-4764,push,fcm,fcm-token-4764
user-4765,sms,twilio,+5491100004765
user-4766,email,mailchimp,user-4766@example.com
user-4767,push,apns,apns-token-4767
user-4768,push,fcm,fcm-token-4768
user-4769,sms,twilio,+5491100004769
user-4770,email,mailchimp,user-4770@example.com
user-4771,push,apns,apns-token-4771
user-4772,push,fcm,fcm-token-4772
user-4773,sms,twilio,+5491100004773
user-4774,email,mailchimp,user-4774@example.com
user-4775,push,apns,apns-token-4775
user-4776,push,fcm,fcm-token-4776
user-4777,sms,twilio,+5491100004777
user-4778,email,mailchimp,user-4778@example.com
user-4779,push,apns,apns-token-4779
user-4780,push,fcm,fcm-token-4780
user-4781,sms,twilio,+5491100004781
user-4782,email,mailchimp,user-4782@example.com
user-4783,push,apns,apns-token-4783
user-4784,push,fcm,fcm-token-4784
user-4785,sms,twilio,+5491100004785
user-4786,email,mailchimp,user-4786@example.com
user-4787,push,apns,apns-token-4787
user-4788,push,fcm,fcm-token-4788
user-4789,sms,twilio,+5491100004789
user-4790,email,mailchimp,user-4790@example.com
user-4791,push,apns,apns-token-4791
user-4792,push,fcm,fcm-token-4792
user-4793,sms,twilio,+5491100004793
user-4794,email,mailchimp,user-4794@example.com
user-4795,push,apns,apns-token-4795
user-4796,push,fcm,fcm-token-4796
user-4797,sms,twilio,+5491100004797
user-4798,email,mailchimp,user-4798@example.com
user-4799,push,apns,apns-token-4799
user-4800,push,fcm,fcm-token-4800
user-4801,sms,twilio,+5491100004801
user-4802,email,mailchimp,user-4802@example.com
user-4803,push,apns,apns-token-4803
user-4804,push,fcm,fcm-token-4804
user-4805,sms,twilio,+5491100004805
user-4806,email,mailchimp,user-4806@example.com
user-4807,push,apns,apns-token-4807
user-4808,push,fcm,fcm-token-4808
user-4809,sms,twilio,+5491100004809
user-4810,email,mailchimp,user-4810@example.com
user-4811,push,apns,apns-token-4811
user-4812,push,fcm,fcm-token-4812
user-4813,sms,twilio,+5491100004813
user-4814,email,mailchimp,user-4814@example.com
user-4815,push,apns,apns-token-4815
user-4816,push,fcm,fcm-token-4816
user-4817,sms,twilio,+5491100004817
user-4818,email,mailchimp,user-4818@example.com
user-4819,push,apns,apns-token-4819
user-4820,push,fcm,fcm-token-4820
user-4821,sms,twilio,+5491100004821
user-4822,email,mailchimp,user-4822@example.com
user-4823,push,apns,apns-token-4823
user-4824,push,fcm,fcm-token-4824
user-4825,sms,twilio,+5491100004825
user-4826,email,mailchimp,user-4826@example.com
user-4827,push,apns,apns-token-4827
user-4828,push,fcm,fcm-token-4828
user-4829,sms,twilio,+5491100004829
user-4830,email,mailchimp,user-4830@example.com
user-4831,push,apns,apns-token-4831
user-4832,push,fcm,fcm-token-4832
user-4833,sms,twilio,+5491100004833
user-4834,email,mailchimp,user-4834@example.com
user-4835,push,apns,apns-token-4835
user-4836,push,fcm,fcm-token-4836
user-4837,sms,twilio,+5491100004837
user-4838,email,mailchimp,user-4838@example.com
user-4839,push,apns,apns-token-4839
user-4840,push,fcm,fcm-token-4840
user-4841,sms,twilio,+5491100004841
user-4842,email,mailchimp,user-4842@example.com
user-4843,push,apns,apns-token-4843
user-4844,push,fcm,fcm-token-4844
user-4845,sms,twilio,+5491100004845
user-4846,email,mailchimp,user-4846@example.com
user-4847,push,apns,apns-token-4847
user-4848,push,fcm,fcm-token-4848
user-4849,sms,twilio,+5491100004849
user-4850,email,mailchimp,user-4850@example.com
user-4851,push,apns,apns-token-4851
user-4852,push,fcm,fcm-token-4852
user-4853,sms,twilio,+5491100004853
user-4854,email,mailchimp,user-4854@example.com
user-4855,push,apns,apns-token-4855
user-4856,push,fcm,fcm-token-4856
user-4857,sms,twilio,+5491100004857
user-4858,email,mailchimp,user-4858@example.com
user-4859,push,apns,apns-token-4859
user-4860,push,fcm,fcm-token-4860
user-4861,sms,twilio,+5491100004861
user-4862,email,mailchimp,user-4862@example.com
user-4863,push,apns,apns-token-4863
user-4864,push,fcm,fcm-token-4864
user-4865,sms,twilio,+5491100004865
user-4866,email,mailchimp,user-4866@example.com
user-4867,push,apns,apns-token-4867
user-4868,push,fcm,fcm-token-4868
user-4869,sms,twilio,+5491100004869
user-4870,email,mailchimp,user-4870@example.com
user-4871,push,apns,apns-token-4871
user-4872,push,fcm,fcm-token-4872
user-4873,sms,twilio,+5491100004873
user-4874,email,mailchimp,user-4874@example.com
user-4875,push,apns,apns-token-4875
user-4876,push,fcm,fcm-token-4876
user-4877,sms,twilio,+5491100004877
user-4878,email,mailchimp,user-4878@example.com
user-4879,push,apns,apns-token-4879
user-4880,push,fcm,fcm-token-4880
user-4881,sms,twilio,+5491100004881
user-4882,email,mailchimp,user-4882@example.com
user-4883,push,apns,apns-token-4883
user-4884,push,fcm,fcm-token-4884
user-4885,sms,twilio,+5491100004885
user-4886,email,mailchimp,user-4886@example.com
user-4887,push,apns,apns-token-4887
user-4888,push,fcm,fcm-token-4888
user-4889,sms,twilio,+5491100004889
user-4890,email,mailchimp,user-4890@example.com
user-4891,push,apns,apns-token-4891
user-4892,push,fcm,fcm-token-4892
user-4893,sms,twilio,+5491100004893
user-4894,email,mailchimp,user-4894@example.com
user-4895,push,apns,apns-token-4895
user-4896,push,fcm,fcm-token-4896
user-4897,sms,twilio,+5491100004897
user-4898,email,mailchimp,user-4898@example.com
user-4899,push,apns,apns-token-4899
user-4900,push,fcm,fcm-token-4900
user-4901,sms,twilio,+5491100004901
user-4902,email,mailchimp,user-4902@example.com
user-4903,push,apns,apns-token-4903
user-4904,push,fcm,fcm-token-4904
user-4905,sms,twilio,+5491100004905
user-4906,email,mailchimp,user-4906@example.com
user-4907,push,apns,apns-token-4907
user-4908,push,fcm,fcm-token-4908
user-4909,sms,twilio,+5491100004909
user-4910,email,mailchimp,user-4910@example.com
user-4911,push,apns,apns-token-4911
user-4912,push,fcm,fcm-token-4912
user-4913,sms,twilio,+5491100004913
user-4914,email,mailchimp,user-4914@example.com
user-4915,push,apns,apns-token-4915
user-4916,push,fcm,fcm-token-4916
user-4917,sms,twilio,+5491100004917
user-4918,email,mailchimp,user-4918@example.com
user-4919,push,apns,apns-token-4919
user-4920,push,fcm,fcm-token-4920
user-4921,sms,twilio,+5491100004921
user-4922,email,mailchimp,user-4922@example.com
user-4923,push,apns,apns-token-4923
user-4924,push,fcm,fcm-token-4924
user-4925,sms,twilio,+5491100004925
user-4926,email,mailchimp,user-4926@example.com
user-4927,push,apns,apns-token-4927
user-4928,push,fcm,fcm-token-4928
user-4929,sms,twilio,+5491100004929
user-4930,email,mailchimp,user-4930@example.com
user-4931,push,apns,apns-token-4931
user-4932,push,fcm,fcm-token-4932
user-4933,sms,twilio,+5491100004933
user-4934,email,mailchimp,user-4934@example.com
user-4935,push,apns,apns-token-4935
user-4936,push,fcm,fcm-token-4936
user-4937,sms,twilio,+5491100004937
user-4938,email,mailchimp,user-4938@example.com
user-4939,push,apns,apns-token-4939
user-4940,push,fcm,fcm-token-4940
user-4941,sms,twilio,+5491100004941
user-4942,email,mailchimp,user-4942@example.com
user-4943,push,apns,apns-token-4943
user-4944,push,fcm,fcm-token-4944
user-4945,sms,twilio,+5491100004945
user-4946,email,mailchimp,user-4946@example.com
user-4947,push,apns,apns-token-4947
user-4948,push,fcm,fcm-token-4948
user-4949,sms,twilio,+5491100004949
user-4950,email,mailchimp,user-4950@example.com
user-4951,push,apns,apns-token-4951
user-4952,push,fcm,fcm-token-4952
user-4953,sms,twilio,+5491100004953
user-4954,email,mailchimp,user-4954@example.com
user-4955,push,apns,apns-token-4955
user-4956,push,fcm,fcm-token-4956
user-4957,sms,twilio,+5491100004957
user-4958,email,mailchimp,user-4958@example.com
user-4959,push,apns,apns-token-4959
user-4960,push,fcm,fcm-token-4960
user-4961,sms,twilio,+5491100004961
user-4962,email,mailchimp,user-4962@example.com
user-4963,push,apns,apns-token-4963
user-4964,push,fcm,fcm-token-4964
user-4965,sms,twilio,+5491100004965
user-4966,email,mailchimp,user-4966@example.com
user-4967,push,apns,apns-token-4967
user-4968,push,fcm,fcm-token-4968
user-4969,sms,twilio,+5491100004969
user-4970,email,mailchimp,user-4970@example.com
user-4971,push,apns,apns-token-4971
user-4972,push,fcm,fcm-token-4972
user-4973,sms,twilio,+5491100004973
user-4974,email,mailchimp,user-4974@example.com
user-4975,push,apns,apns-token-4975
user-4976,push,fcm,fcm-token-4976
user-4977,sms,twilio,+5491100004977
user-4978,email,mailchimp,user-4978@example.com
user-4979,push,apns,apns-token-4979
user-4980,push,fcm,fcm-token-4980
user-4981,sms,twilio,+5491100004981
user-4982,email,mailchimp,user-4982@example.com
user-4983,push,apns,apns-token-4983
user-4984,push,fcm,fcm-token-4984
user-4985,sms,twilio,+5491100004985
user-4986,email,mailchimp,user-4986@example.com
user-4987,push,apns,apns-token-4987
user-4988,push,fcm,fcm-token-4988
user-4989,sms,twilio,+5491100004989
user-4990,email,mailchimp,user-4990@example.com
user-4991,push,apns,apns-token-4991
user-4992,push,fcm,fcm-token-4992
user-4993,sms,twilio,+5491100004993
user-4994,email,mailchimp,user-4994@example.com
user-4995,push,apns,apns-token-4995
user-4996,push,fcm,fcm-token-4996
user-4997,sms,twilio,+5491100004997
user-4998,email,mailchimp,user-4998@example.com
user-4999,push,apns,apns-token-4999
user-5000,push,fcm,fcm-token-5000
